full_name,birth_year,retire_year,G,AB,H,2B,3B,HR,BB,SO,RBI,R,SB,CS,AVG,OBP,SLG,OPS
°¡¸£½Ã¾Æ,1975,2011,469,1697,447,85,5,105,187,422,347,257,15,12,0.263,0.337,0.505,0.842
°¡¸£½Ã¾Æ,1985,2018,50,183,62,9,0,8,9,25,34,27,5,0,0.339,0.37,0.519,0.889
°¡¸£½Ã¾Æ,1993,2022,39,136,28,6,1,4,19,40,19,21,4,1,0.206,0.303,0.353,0.656
°¡ÄÚ,1981,2011,58,189,46,8,0,1,22,34,28,21,0,1,0.243,0.322,0.302,0.624
°­°æÇÐ,1992,2021,516,1167,277,36,12,13,162,304,104,185,14,11,0.237,0.33,0.322,0.653
°­±ÍÅÂ,1979,2012,816,1833,468,76,4,31,124,262,215,176,9,12,0.255,0.303,0.352,0.654
°­±ÔÃ¶,1974,2001,51,52,9,0,0,1,1,8,3,6,0,1,0.173,0.189,0.231,0.419
°­±â¿õ,1964,1996,671,2287,667,94,18,61,175,209,304,328,111,42,0.292,0.342,0.429,0.771
°­´ëÈ£,1974,1998,40,60,11,1,0,1,7,25,7,5,0,1,0.183,0.269,0.25,0.519
°­µ¿¿ì,1974,2013,1427,4613,1247,199,32,75,556,611,456,687,133,58,0.27,0.349,0.376,0.725
°­µÎ°ï,1969,1995,74,72,12,3,0,0,4,12,4,11,2,0,0.167,0.211,0.208,0.419
°­·ÎÇÑ,1992,2022,164,350,78,15,6,6,19,137,30,53,9,3,0.223,0.263,0.351,0.614
°­¸í±¸,1980,2014,581,297,57,7,2,1,25,62,26,153,111,24,0.192,0.255,0.239,0.494
°­¹Î±¹,1992,2022,197,275,63,6,1,1,19,54,22,32,2,1,0.229,0.279,0.269,0.548
°­¹Î±Ô,1975,2001,129,185,38,5,2,3,12,51,22,26,8,4,0.205,0.254,0.303,0.557
°­º´½Ä,1977,2012,761,1305,308,56,5,39,166,305,174,147,11,12,0.236,0.322,0.376,0.698
°­ºÀ±Ô,1978,2015,909,1991,522,99,10,49,269,410,262,320,63,19,0.262,0.35,0.396,0.746
°­»ó¿ø,1997,2022,75,57,7,1,0,0,10,18,3,15,4,0,0.123,0.254,0.14,0.394
°­¼®Ãµ,1967,2003,1458,4833,1342,246,31,93,371,684,542,670,192,95,0.278,0.329,0.399,0.728
°­¼º¿ì,1970,2005,959,1787,407,61,8,6,102,252,167,130,9,10,0.228,0.269,0.281,0.55
°­¿µ¼ö,1965,1998,831,2092,464,82,9,86,329,524,311,274,18,14,0.222,0.328,0.393,0.72
°­¿µ¼ö,1973,1996,35,72,16,5,0,1,2,15,3,7,2,0,0.222,0.243,0.333,0.577
°­ÀÎ±Ç,1972,2006,710,1252,305,41,2,8,160,264,119,114,7,12,0.244,0.329,0.299,0.628
°­Á¤±æ,1962,1995,1039,2871,765,134,9,52,351,362,387,302,27,32,0.266,0.346,0.374,0.72
°­Á¤³²,1960,1984,26,50,5,3,0,0,2,13,2,5,0,0,0.1,0.135,0.16,0.295
°­Á¤È£,1987,2014,902,3070,916,193,10,139,387,601,545,470,51,28,0.298,0.377,0.504,0.88
°­Á¾ÇÊ,1967,1997,426,564,136,16,3,15,55,148,54,111,39,15,0.241,0.309,0.36,0.668
°­Áö±¤,1990,2018,56,88,18,2,0,1,13,35,9,13,1,3,0.205,0.307,0.261,0.568
°­Áø±Ô,1968,1992,36,51,6,0,0,0,2,10,1,6,0,0,0.118,0.151,0.118,0.269
°­ÅÂÀ±,1965,1995,125,209,52,5,0,2,22,39,18,11,0,2,0.249,0.32,0.301,0.622
°­ÅÂÀ²,1996,2024,65,81,10,2,0,3,13,25,10,3,0,1,0.123,0.245,0.259,0.504
°­ÇÑ¿ï,1991,2024,847,2162,576,67,18,2,154,422,159,276,43,27,0.266,0.315,0.317,0.632
°­Çõ,1974,2007,428,930,232,45,0,18,85,141,115,99,2,7,0.249,0.312,0.356,0.668
°­Çü¼®,1968,1997,241,395,88,17,6,5,35,71,41,45,10,3,0.223,0.286,0.334,0.62
°­È¿¼·,1973,1996,41,40,8,0,0,0,2,7,1,2,3,0,0.2,0.238,0.2,0.438
°è±â¹ü,1970,1997,76,159,37,4,1,2,6,40,16,19,4,3,0.233,0.261,0.308,0.569
°í±â¼º,1970,1998,255,331,71,12,2,3,30,78,28,36,6,6,0.215,0.28,0.29,0.57
°íµ¿Áø,1980,2015,820,2296,572,97,7,21,214,428,201,311,62,34,0.249,0.313,0.325,0.638
°í¸ÞÁî,1988,2016,117,456,129,31,0,21,25,87,62,74,16,8,0.283,0.32,0.489,0.809
°í¿µ¹Î,1984,2016,879,2306,581,100,15,46,278,553,292,427,133,47,0.252,0.332,0.368,0.701
°í¿øºÎ,1962,1992,594,1881,526,71,9,37,229,159,245,239,52,33,0.28,0.358,0.386,0.744
°íÀåÇõ,1990,2020,291,239,45,10,1,1,12,64,15,61,12,8,0.188,0.227,0.251,0.478
°íÁ¤½Ä,1965,1993,76,122,30,4,0,0,9,17,5,12,1,0,0.246,0.298,0.279,0.576
°íÁ¾¿í,1989,2024,1060,3159,955,163,36,47,170,661,397,480,128,60,0.302,0.338,0.421,0.759
°íÁöÇà,1978,2005,119,320,86,9,0,6,21,79,35,43,9,5,0.269,0.314,0.353,0.667
°ø¹Î±Ô,1999,2024,77,117,23,2,1,4,10,50,12,5,0,0,0.197,0.26,0.333,0.593
°øºÀ±¸,1967,1991,48,104,23,7,1,0,17,16,8,11,2,1,0.221,0.331,0.308,0.638
°øÀ¯¼±,1974,1994,13,34,7,1,0,1,3,9,3,1,0,0,0.206,0.27,0.324,0.594
°øÀÇ½Ä,1970,1997,168,313,60,12,2,12,48,108,42,35,10,7,0.192,0.299,0.358,0.657
°øÇÊ¼º,1967,2000,1184,3061,760,151,26,41,276,581,346,363,106,46,0.248,0.31,0.355,0.665
°û±ÇÈñ,1966,1992,159,275,63,12,1,5,28,60,27,35,4,4,0.229,0.3,0.335,0.635
°ûµ¿¿­,1955,1989,42,47,14,3,0,1,1,10,4,7,0,0,0.298,0.312,0.426,0.738
°û¿¬¼ö,1967,1994,300,648,140,27,4,8,48,94,61,47,1,4,0.216,0.27,0.307,0.577
±¸µå·³,1992,2023,50,173,51,14,1,0,23,46,28,16,0,0,0.295,0.378,0.387,0.765
±¸À±,1963,1994,399,971,240,49,2,13,75,260,104,101,21,23,0.247,0.301,0.342,0.643
±¸Àç¼­,1963,1989,247,33,4,1,0,0,2,5,2,61,10,7,0.121,0.171,0.152,0.323
±¸Ãµ¼­,1963,1993,840,1864,455,61,16,22,245,330,177,269,75,37,0.244,0.332,0.329,0.661
±¸ÇÑ¼º,1970,1998,161,230,45,4,0,6,26,51,21,27,1,0,0.196,0.277,0.291,0.569
±¹ÇØ¼º,1989,2023,220,424,101,22,0,11,44,110,67,65,3,2,0.238,0.31,0.368,0.678
±Çµµ¿µ,1981,2010,166,259,62,13,1,1,24,59,18,29,1,2,0.239,0.304,0.309,0.613
±ÇµÎÁ¶,1951,1987,588,1603,352,53,9,1,157,159,112,149,24,31,0.22,0.289,0.266,0.555
±Ç¹Î¼®,1999,2023,105,69,16,4,0,0,4,24,8,17,1,0,0.232,0.274,0.29,0.564
±Ç¿µÁø,1984,2012,35,41,7,0,0,1,1,5,3,1,0,0,0.171,0.19,0.244,0.434
±Ç¿À¼º,1970,1999,119,180,34,5,0,2,15,51,19,13,0,0,0.189,0.251,0.25,0.501
±Ç¿À¿µ,1970,1999,41,66,12,2,0,1,1,19,9,6,0,0,0.182,0.194,0.258,0.452
±Ç¿ÀÇö,1978,2003,103,144,26,10,1,1,6,42,3,17,6,2,0.181,0.213,0.285,0.498
±Ç¿ë°ü,1976,2016,1325,3070,698,102,28,47,198,730,300,348,62,37,0.227,0.274,0.325,0.599
±ÇÀç±¤,1971,1996,64,100,14,2,0,1,6,26,8,8,1,0,0.14,0.189,0.19,0.379
±ÇÁ¤¿õ,1992,2021,75,110,22,3,0,6,9,31,11,12,0,0,0.2,0.261,0.391,0.651
±ÇÁØÇå,1971,2004,485,1322,338,59,5,17,87,250,133,127,26,18,0.256,0.302,0.346,0.648
±Ý±¤¿Á,1956,1988,413,1164,273,47,4,29,105,169,125,113,6,8,0.235,0.298,0.357,0.654
±æÈ«±Ô,1965,1996,365,591,150,17,0,8,50,97,66,55,8,6,0.254,0.312,0.323,0.635
±è°©Áß,1970,1999,224,437,108,20,4,4,25,79,41,42,6,9,0.247,0.288,0.339,0.627
±è°­,1988,2011,30,51,15,3,0,0,5,13,5,2,0,0,0.294,0.357,0.353,0.71
±è°­¹Î,1982,2024,1960,5440,1487,266,24,139,484,1135,681,810,209,108,0.273,0.333,0.408,0.74
±è°Ç¿ì,1963,1993,150,459,117,18,1,13,34,86,60,50,3,0,0.255,0.306,0.383,0.69
±è°æ°©,1960,1987,105,179,43,5,0,6,19,32,26,14,1,0,0.24,0.313,0.369,0.682
±è°æ±â,1968,2001,1182,4020,1106,206,13,138,449,615,598,515,42,39,0.275,0.348,0.436,0.784
±è°æ³²,1959,1988,360,852,178,33,8,7,47,120,61,71,6,5,0.209,0.25,0.291,0.541
±è°æ¹®,1958,1991,703,1493,329,59,2,6,89,150,126,120,17,19,0.22,0.264,0.275,0.539
±è°æ¾ð,1982,2017,1183,2973,805,144,18,55,374,657,393,385,56,42,0.271,0.352,0.387,0.739
±è°æÁø,1976,2007,201,279,58,10,0,5,19,63,25,42,1,1,0.208,0.258,0.297,0.556
±è°æÇ¥,1960,1989,245,413,97,12,4,3,50,68,36,45,16,8,0.235,0.317,0.305,0.623
±è°æÇÏ,1970,1996,157,248,53,8,3,3,19,43,21,26,4,1,0.214,0.27,0.306,0.576
±è°æÈ£,1995,2020,88,131,35,4,1,0,3,23,11,21,1,4,0.267,0.284,0.313,0.597
±è°æÈÆ,1957,1982,30,35,3,1,0,0,5,9,1,3,1,0,0.086,0.2,0.114,0.314
±è±¤¸²,1961,1999,1638,4761,1358,194,50,35,480,537,432,619,170,101,0.285,0.351,0.369,0.72
±è±¤¼ö,1959,1992,1046,3456,859,115,13,27,393,267,306,434,190,101,0.249,0.325,0.313,0.638
±è±¤Çö,1971,1999,77,127,30,9,3,0,12,36,10,10,1,0,0.236,0.302,0.354,0.656
±è±¸±æ,1953,1982,32,64,13,1,0,0,3,15,2,1,1,1,0.203,0.239,0.219,0.458
±è±Ô¹Î,1993,2020,266,642,169,19,5,7,55,187,72,98,11,8,0.263,0.321,0.341,0.662
±è±Ù¼®,1962,1988,395,1020,258,45,0,14,57,107,98,92,8,14,0.253,0.292,0.338,0.631
±è±âÅÂ,1969,2005,1544,4975,1465,299,27,249,948,862,923,816,83,66,0.294,0.407,0.516,0.923
±è±âÈ«,1970,1993,89,164,39,8,0,1,5,22,14,13,3,2,0.238,0.26,0.305,0.565
±è±âÈ¯,1995,2022,139,255,55,13,3,3,21,83,19,46,29,6,0.216,0.275,0.325,0.601
±è´Ù¿ø,1985,2016,283,542,132,24,1,13,32,157,55,67,4,2,0.244,0.286,0.363,0.649
±è´ë·ú,1992,2017,179,156,23,3,2,0,14,54,8,15,0,1,0.147,0.218,0.192,0.41
±è´ë¿ì,1984,2020,147,325,69,18,3,7,41,131,42,34,8,4,0.212,0.301,0.351,0.651
±è´ëÀÍ,1973,2007,1193,3372,910,177,24,45,315,573,332,481,102,67,0.27,0.332,0.377,0.709
±è´ëÁø,1955,1987,275,568,135,17,2,8,52,77,46,61,5,2,0.238,0.302,0.317,0.619
±è´ëÇÑ,2000,2024,164,267,49,10,2,6,23,83,25,37,4,5,0.184,0.248,0.303,0.552
±èµµÈ¯,2000,2024,130,185,35,10,0,2,16,73,17,10,0,1,0.189,0.254,0.276,0.529
±èµ¿°Ç,1982,2013,76,98,16,1,1,2,6,31,7,8,0,0,0.163,0.212,0.255,0.467
±èµ¿±â,1964,1996,1019,3101,812,166,9,108,414,583,435,422,34,34,0.262,0.349,0.426,0.774
±èµ¿¼ö,1968,2009,2039,5915,1556,286,28,202,661,821,871,741,56,48,0.263,0.337,0.423,0.76
±èµ¿¿±,1990,2024,657,2028,543,88,2,92,114,435,316,260,24,17,0.268,0.307,0.449,0.756
±èµ¿¿í,1988,2018,142,311,77,12,0,7,24,78,32,42,2,1,0.248,0.301,0.354,0.655
±èµ¿Àº,1990,2016,55,85,26,2,0,0,12,20,5,9,4,1,0.306,0.392,0.329,0.721
±èµ¿Àç,1960,1993,585,1326,347,63,8,30,106,176,166,166,27,26,0.262,0.316,0.389,0.705
±èµ¿ÁÖ,1976,2013,1625,5540,1710,293,12,273,814,794,1097,851,48,27,0.309,0.397,0.514,0.911
±èµ¿Áø,1996,2024,79,163,37,8,0,1,12,38,10,19,3,0,0.227,0.28,0.294,0.574
±èµ¿ÇÑ,1988,2020,374,542,132,37,1,6,42,89,48,90,32,11,0.244,0.298,0.349,0.647
±è¸¸ÈÄ,1964,1992,202,538,139,23,3,8,50,57,59,64,12,3,0.258,0.321,0.357,0.678
±è¸í±¸,1961,1988,122,94,16,0,0,1,9,15,5,6,2,1,0.17,0.243,0.202,0.445
±è¸í¼º,1961,1986,92,134,23,3,1,0,15,21,7,16,2,6,0.172,0.255,0.209,0.464
±è¹«°ü,1955,1985,123,326,65,12,0,1,26,45,20,35,6,7,0.199,0.259,0.245,0.504
±è¹«Á¾,1954,1988,445,1357,326,62,6,41,115,187,192,137,4,11,0.24,0.3,0.385,0.685
±è¹®¿µ,1960,1988,192,283,53,10,0,1,16,47,19,24,4,4,0.187,0.231,0.233,0.464
±è¹®È£,1987,2020,703,1946,548,98,8,20,205,387,208,251,46,34,0.282,0.35,0.371,0.721
±è¹ÌÈ£,1967,1997,170,257,59,12,1,0,15,51,13,28,9,3,0.23,0.272,0.284,0.556
±è¹Î¼ö,1991,2024,160,248,49,8,0,4,13,68,27,25,0,0,0.198,0.238,0.278,0.516
±è¹Î½Ä,1989,2024,866,1981,448,66,8,25,240,399,224,239,11,6,0.226,0.31,0.305,0.615
±è¹Î¿ì,1979,2016,704,1886,464,86,8,32,229,457,183,254,83,26,0.246,0.328,0.351,0.679
±è¹ÎÀç,1973,2009,2113,6088,1503,244,29,71,473,739,607,696,174,90,0.247,0.301,0.331,0.633
±è¹ÎÃ¶,1982,2006,333,393,87,10,5,0,26,82,29,57,15,10,0.221,0.27,0.272,0.542
±è¹ÎÇÏ,1989,2021,370,668,160,35,1,11,60,218,75,101,27,13,0.24,0.302,0.344,0.647
±è¹ÎÈ£,1961,1996,1208,3778,1050,221,27,106,491,561,606,488,64,29,0.278,0.361,0.435,0.796
±è¹ÎÈ£,1969,2003,1112,3400,838,132,25,29,262,576,277,472,232,62,0.246,0.3,0.326,0.626
±è¹ÙÀ§,1955,1991,679,1688,409,79,6,48,240,269,241,196,22,16,0.242,0.337,0.382,0.718
±è¹ü¼®,2004,2024,80,189,42,5,0,7,15,54,28,17,0,0,0.222,0.279,0.36,0.639
±èº´µÎ,1972,1993,60,78,15,0,0,0,10,20,3,10,0,0,0.192,0.284,0.192,0.476
±èº´¼ö,1964,1991,98,201,49,12,2,4,23,39,29,29,1,1,0.244,0.321,0.383,0.705
±èº´Á¶,1969,1997,298,442,112,23,3,7,31,79,47,70,11,10,0.253,0.302,0.367,0.669
±èº´Ã¶,1972,1997,23,36,9,2,0,0,2,4,3,4,0,2,0.25,0.289,0.306,0.595
±èº´ÈÖ,2001,2024,52,91,15,4,0,1,7,37,4,12,0,0,0.165,0.224,0.242,0.466
±èº´Èñ,1990,2023,113,162,34,5,0,7,21,54,21,28,3,3,0.21,0.301,0.37,0.671
±èºÀ±â,1953,1987,145,81,20,2,1,0,6,13,11,36,5,6,0.247,0.299,0.296,0.595
±èºÀ¿¬,1952,1988,630,2145,596,84,8,110,241,187,334,311,24,18,0.278,0.351,0.478,0.829
±è»çÈÆ,1987,2019,173,226,48,9,0,0,14,65,22,15,1,0,0.212,0.258,0.252,0.511
±è»ó±¹,1963,1997,1094,2663,673,102,16,57,295,327,334,270,36,26,0.253,0.327,0.367,0.695
±è»ó¿ì,1966,1994,131,215,50,8,1,4,16,34,25,26,6,2,0.233,0.286,0.335,0.621
±è»óÀç,1968,1994,143,361,81,11,0,10,26,75,43,42,11,11,0.224,0.276,0.338,0.614
±è»óÇö,1980,2016,1082,3411,874,159,10,158,324,857,570,465,54,25,0.256,0.321,0.448,0.768
±è»óÈ£,1965,2000,1229,4193,1112,196,24,136,452,832,624,581,118,64,0.265,0.337,0.421,0.757
±è»óÈ£,1989,2017,227,523,140,26,1,7,57,122,66,52,3,4,0.268,0.34,0.361,0.701
±è»óÈÆ,1960,1995,1143,4100,1181,210,31,72,356,455,572,449,50,25,0.288,0.345,0.407,0.752
±è»óÈÆ,1977,2014,1388,3882,941,154,3,67,332,684,458,376,16,16,0.242,0.302,0.335,0.637
±è¼®¿¬,1968,1993,71,93,18,3,1,0,2,25,9,8,0,2,0.194,0.211,0.247,0.458
±è¼®ÀÏ,1959,1987,225,402,94,13,3,6,55,64,35,41,8,5,0.234,0.326,0.326,0.652
±è¼±¼·,1973,2000,84,55,7,1,0,0,3,19,2,13,1,4,0.127,0.172,0.145,0.318
±è¼±ÀÏ,1965,1996,461,985,201,25,6,3,39,108,84,93,27,11,0.204,0.234,0.251,0.485
±è¼±Áø,1967,2000,816,1942,501,64,24,33,177,278,222,277,82,33,0.258,0.32,0.367,0.687
±è¼º°©,1962,1995,942,2416,567,90,11,14,263,298,218,296,78,47,0.235,0.31,0.298,0.608
±è¼º°ü,1952,1984,171,499,124,25,5,8,34,45,61,56,25,10,0.248,0.296,0.367,0.663
±è¼º±Ô,1965,1993,358,837,202,18,6,1,89,116,49,94,16,17,0.241,0.314,0.281,0.595
±è¼º·¡,1961,2000,1279,3633,1008,171,10,147,502,620,595,490,24,23,0.277,0.365,0.451,0.817
±è¼º¼ö,1962,1989,43,49,7,2,0,0,2,8,0,2,1,1,0.143,0.176,0.184,0.36
±è¼º¿­,1969,1994,35,39,6,0,0,0,8,11,1,5,2,1,0.154,0.298,0.154,0.452
±è¼ºÀÏ,1967,1992,162,210,36,6,1,1,13,20,9,32,13,10,0.171,0.22,0.224,0.444
±è¼ºÅÂ,1971,1997,71,153,33,6,1,0,11,27,18,13,4,3,0.216,0.268,0.268,0.536
±è¼ºÇ¥,1994,2022,71,43,9,0,0,0,6,14,1,16,5,1,0.209,0.306,0.209,0.515
±è¼ºÇÑ,1958,1995,1336,4850,1389,247,14,207,483,696,782,762,143,67,0.286,0.351,0.471,0.822
±è¼ºÇö,1963,1998,626,1491,381,49,12,35,118,265,199,156,16,13,0.256,0.31,0.375,0.685
±è¼ºÈ£,1955,1987,36,32,5,1,0,0,4,7,0,1,0,0,0.156,0.25,0.188,0.438
±è¼ºÈ£,1960,1985,159,247,47,6,1,3,14,42,17,28,12,5,0.19,0.234,0.259,0.493
±è¼ºÈÆ,1993,2019,222,413,107,14,6,1,35,50,47,65,20,11,0.259,0.317,0.329,0.646
±è¼ö°ü,1975,2002,100,131,24,4,0,1,8,35,12,10,1,1,0.183,0.23,0.237,0.467
±è¼ö±æ,1963,1990,132,187,42,8,0,3,14,40,15,20,4,1,0.225,0.279,0.316,0.594
±è¼ö¿¬,1977,2008,841,1578,393,41,10,2,137,289,71,254,127,51,0.249,0.309,0.292,0.601
±è¼öÈ¯,1998,2024,131,292,57,13,0,8,35,115,36,32,0,0,0.195,0.281,0.322,0.603
±è½Â°ü,1976,2007,220,351,75,20,0,3,48,82,33,34,0,2,0.214,0.308,0.296,0.605
±è½Â±Ç,1976,2006,443,619,143,41,0,13,17,133,72,85,3,4,0.231,0.252,0.36,0.612
±è½Ã¾Ó,2001,2024,52,95,19,1,0,0,4,27,7,8,0,0,0.2,0.232,0.211,0.443
±è½Ç,1967,2000,686,1938,511,75,23,9,214,219,192,273,36,31,0.264,0.337,0.34,0.677
±è¿¬ÈÆ,1984,2017,467,773,175,29,3,4,36,171,61,91,18,14,0.226,0.261,0.287,0.548
±è¿µ±Õ,1961,1988,213,394,91,17,1,7,45,69,39,34,5,4,0.231,0.31,0.332,0.642
±è¿µº¹,1985,2006,34,48,8,1,0,1,2,8,4,5,0,0,0.167,0.2,0.25,0.45
±è¿µ½Å,1961,1986,25,32,5,0,0,0,1,5,2,1,0,0,0.156,0.182,0.156,0.338
±è¿µÀÏ,1971,1998,156,294,63,9,2,0,17,43,19,30,9,7,0.214,0.257,0.259,0.516
±è¿µÁ÷,1960,1995,715,1594,404,63,20,25,189,186,220,172,18,25,0.253,0.333,0.365,0.698
±è¿µÁø,1972,2001,406,714,111,22,3,5,49,171,45,47,3,6,0.155,0.21,0.216,0.425
±è¿µÁø,1976,1996,67,131,28,6,1,6,11,47,19,16,0,2,0.214,0.275,0.412,0.687
±è¿µÈ¯,1993,2020,80,94,14,0,0,1,3,23,7,8,2,1,0.149,0.175,0.181,0.356
±è¿ë±¹,1962,1995,1092,3018,753,123,9,46,324,392,358,359,50,34,0.25,0.322,0.342,0.664
±è¿ë´Þ,1956,1988,315,591,153,28,4,12,77,102,72,66,7,5,0.259,0.344,0.381,0.725
±è¿ë¸¸,1958,1982,56,102,15,3,0,0,6,10,7,7,2,1,0.147,0.194,0.176,0.371
±è¿ë¼±,1970,1997,411,911,208,40,5,18,93,224,79,103,20,16,0.228,0.3,0.342,0.642
±è¿ë¿ì,1979,2009,135,165,39,6,1,2,23,36,18,14,2,1,0.236,0.33,0.321,0.651
±è¿ë¿î,1955,1990,592,1484,367,52,4,9,82,129,160,127,10,11,0.247,0.287,0.306,0.593
±è¿ëÀÇ,1985,2021,980,1782,463,56,17,9,202,400,165,322,106,42,0.26,0.335,0.325,0.661
±è¿ëÃ¶,1957,1992,1025,3415,968,192,10,131,369,382,555,479,74,42,0.283,0.353,0.461,0.814
±è¿ëÈñ,1955,1989,535,1783,482,69,10,61,151,161,260,200,15,13,0.27,0.327,0.423,0.75
±è¿ëÈñ,1964,1989,66,38,7,0,0,0,4,11,0,27,14,5,0.184,0.262,0.184,0.446
±è¿ì±Ù,1956,1987,397,1043,264,35,8,11,111,111,85,142,65,25,0.253,0.325,0.334,0.659
±è¿ì¼®,1975,2008,161,129,23,5,1,1,7,36,6,17,1,1,0.178,0.221,0.256,0.476
±è¿ì¿­,1949,1986,343,1076,299,45,6,41,155,141,173,160,43,16,0.278,0.369,0.445,0.814
±è¿ø±Ù,1968,1995,62,125,34,3,0,0,12,29,11,10,1,4,0.272,0.336,0.296,0.632
±è¿ø¼®,1989,2017,89,203,56,12,2,7,11,64,26,31,0,0,0.276,0.313,0.458,0.771
±è¿ø¼·,1978,2016,1092,2835,767,131,33,27,436,452,307,442,103,51,0.271,0.368,0.369,0.736
±èÀ¯µ¿,1954,1985,136,378,89,15,1,10,14,45,41,41,4,4,0.235,0.263,0.36,0.623
±èÀ±È¯,1957,1991,457,1203,309,62,9,28,147,163,170,153,66,33,0.257,0.338,0.393,0.731
±èÀº¼º,1993,2021,27,30,8,3,0,0,3,9,2,2,0,0,0.267,0.333,0.367,0.7
±èÀÀ±¹,1966,2003,1440,4950,1452,243,62,86,593,711,666,744,207,99,0.293,0.369,0.42,0.789
±èÀÀ¹Î,1991,2022,104,172,32,3,0,2,8,41,15,15,0,0,0.186,0.222,0.238,0.461
±èÀÌ¼ö,1960,1986,118,155,26,6,1,2,9,29,10,25,7,7,0.168,0.213,0.258,0.471
±èÀÎ½Ä,1953,1988,662,2167,553,67,11,11,107,110,154,260,99,46,0.255,0.29,0.311,0.602
±èÀÎÃ¶,1971,2007,381,681,162,27,3,18,43,164,78,112,20,10,0.238,0.283,0.366,0.649
±èÀÎÈ£,1967,2001,1067,2783,640,110,16,52,296,478,263,412,99,64,0.23,0.304,0.337,0.641
±èÀÎÈ¯,1994,2024,298,902,217,33,0,24,71,245,105,94,3,0,0.241,0.296,0.357,0.653
±èÀÏ°æ,1978,2012,800,1569,386,62,5,18,119,331,118,220,90,38,0.246,0.299,0.326,0.625
±èÀÏ±Ç,1956,1991,841,2817,713,102,16,28,267,187,243,364,363,146,0.253,0.318,0.33,0.648
±èÀÏÇõ,1970,1995,132,167,37,12,0,2,17,26,13,26,5,0,0.222,0.293,0.329,0.623
±èÀÏÈ¯,1954,1989,451,947,227,41,3,0,93,116,76,88,8,16,0.24,0.308,0.289,0.597
±èÀç°É,1972,2009,1125,2128,490,72,13,14,182,501,170,271,119,54,0.23,0.291,0.296,0.587
±èÀç±¸,1978,2008,89,96,23,5,0,4,5,30,20,7,1,0,0.24,0.277,0.417,0.694
±èÀç´ö,1973,1998,132,221,43,15,0,5,10,46,22,16,0,1,0.195,0.229,0.33,0.56
±èÀç¹Ú,1954,1992,966,3561,972,148,26,28,364,279,321,512,284,119,0.273,0.34,0.353,0.693
±èÀç»ó,1959,1991,403,676,158,20,4,4,72,79,52,121,88,39,0.234,0.307,0.293,0.6
±èÀç»ó,2004,2024,52,104,23,4,0,3,7,27,14,14,4,0,0.221,0.27,0.346,0.616
±èÀçÀ¯,1992,2022,196,327,85,9,0,2,23,81,29,58,20,5,0.26,0.309,0.306,0.614
±èÀçÀ²,1989,2019,149,289,73,14,0,7,21,61,40,31,0,1,0.253,0.303,0.374,0.677
±èÀçÇÐ,1978,2004,37,35,5,0,1,0,2,9,1,4,0,0,0.143,0.189,0.2,0.389
±èÀçÇö,1975,2010,1770,5710,1681,310,20,201,929,931,939,884,115,66,0.294,0.393,0.461,0.854
±èÀçÇö,1987,2020,486,464,122,15,9,2,28,118,42,142,72,25,0.263,0.305,0.347,0.652
±èÀçÇö,1991,2022,267,271,55,8,0,0,16,65,28,39,1,1,0.203,0.247,0.232,0.48
±èÀçÈ£,1985,2024,1793,4534,1235,211,26,54,581,652,600,661,79,40,0.272,0.355,0.366,0.721
±èÁ¤±Ô,1973,1999,41,63,13,1,0,0,0,12,2,5,0,0,0.206,0.206,0.222,0.429
±èÁ¤¹Î,1970,2009,700,1257,331,53,4,14,89,220,142,122,4,10,0.263,0.312,0.345,0.657
±èÁ¤¼ö,1953,1986,346,966,226,46,6,23,156,137,113,129,20,18,0.234,0.34,0.365,0.706
±èÁ¤¼ö,1960,1985,181,457,102,18,5,7,57,106,51,46,9,6,0.223,0.309,0.33,0.64
±èÁ¤¼ö,1963,1992,139,132,23,4,0,0,8,35,13,27,4,6,0.174,0.221,0.205,0.426
±èÁ¤ÅÂ,1957,1987,95,180,42,6,0,1,29,27,10,14,2,5,0.233,0.34,0.283,0.623
±èÁ¤Çõ,1985,2017,99,215,51,6,1,2,14,48,25,33,4,2,0.237,0.284,0.302,0.586
±èÁ¤Çö,1979,2002,24,68,17,2,0,1,8,20,6,10,0,3,0.25,0.329,0.324,0.652
±èÁ¾°©,1964,1992,218,359,79,13,1,12,55,80,40,64,8,6,0.22,0.324,0.362,0.686
±èÁ¾±¹,1973,2009,1359,4391,1086,198,19,66,449,797,429,604,254,70,0.247,0.317,0.346,0.663
±èÁ¾¸ð,1959,1992,852,2739,815,111,10,82,250,257,395,329,26,31,0.298,0.356,0.435,0.792
±èÁ¾¹®,1964,1991,70,52,13,2,0,1,5,5,9,3,0,2,0.25,0.316,0.346,0.662
±èÁ¾¹Î,1986,2019,142,258,58,3,0,1,25,45,23,23,0,1,0.225,0.293,0.248,0.541
±èÁ¾¼®,1971,2004,978,2448,644,128,18,48,280,396,336,314,32,25,0.263,0.339,0.389,0.728
±èÁ¾¼º,1969,1995,133,180,46,9,1,7,11,46,26,33,7,8,0.256,0.298,0.433,0.732
±èÁ¾¼ö,1957,1987,117,256,64,5,0,0,37,33,17,25,4,3,0.25,0.345,0.27,0.614
±èÁ¾À±,1957,1986,265,575,131,23,8,5,58,117,48,71,17,17,0.228,0.299,0.322,0.62
±èÁ¾Çå,1966,2000,828,1706,425,65,17,5,181,309,152,267,115,62,0.249,0.321,0.316,0.637
±èÁ¾È£,1984,2017,494,1343,376,41,18,6,135,255,90,249,128,37,0.28,0.346,0.351,0.696
±èÁ¾ÈÆ,1972,2007,1258,2902,735,119,24,43,255,576,276,425,82,25,0.253,0.314,0.355,0.669
±èÁÖ¼º,1972,1996,173,256,64,9,1,1,19,54,19,28,3,3,0.25,0.302,0.305,0.607
±èÁÖÂù,1981,2020,1778,6297,1887,361,54,138,401,963,782,1025,388,132,0.3,0.342,0.44,0.781
±èÁÖÇö,1988,2017,81,123,28,9,0,2,8,36,14,13,2,0,0.228,0.275,0.35,0.624
±èÁÖÇö,1993,2021,36,53,13,2,0,0,9,23,3,4,0,0,0.245,0.355,0.283,0.638
±èÁÖÇü,1985,2018,750,1809,405,77,1,61,135,389,222,175,4,8,0.224,0.278,0.369,0.646
±èÁÖÇü,1996,2024,201,292,54,15,1,2,22,90,22,34,2,2,0.185,0.242,0.264,0.506
±èÁÖÈ£,1984,2006,76,74,15,0,0,2,6,20,11,8,0,1,0.203,0.262,0.284,0.546
±èÁØ¿Ï,1991,2023,518,1029,232,27,5,3,196,242,71,171,8,9,0.225,0.349,0.27,0.62
±èÁØÅÂ,1994,2024,518,1045,240,45,4,18,169,298,136,121,5,2,0.23,0.337,0.332,0.669
±èÁØÈ£,1984,2011,59,96,23,2,2,1,2,26,10,10,0,0,0.24,0.255,0.333,0.588
±èÁØÈ¯,1955,1989,670,2170,588,76,7,61,171,261,285,255,41,24,0.271,0.324,0.397,0.721
±èÁö¼º,1985,2018,81,91,16,3,1,3,3,30,9,10,2,0,0.176,0.202,0.33,0.532
±èÁö¼ö,1986,2019,453,401,93,16,0,4,40,85,36,67,6,5,0.232,0.302,0.302,0.603
±èÁö¼ö,1996,2021,31,56,6,1,0,1,2,25,4,3,0,0,0.107,0.138,0.179,0.317
±èÁö¿­,1988,2018,165,380,92,14,1,8,26,109,39,53,19,8,0.242,0.291,0.347,0.638
±èÁö¿µ,1974,2002,130,194,45,7,0,3,13,54,15,22,0,0,0.232,0.28,0.314,0.595
±èÁöÈÆ,1973,2004,216,204,44,8,0,7,13,63,26,18,0,0,0.216,0.263,0.358,0.621
±èÁø°ï,1987,2019,146,183,41,5,0,2,5,43,20,29,6,5,0.224,0.245,0.284,0.529
±èÁø±Ô,1965,1993,310,611,140,27,6,11,79,112,70,82,25,12,0.229,0.317,0.347,0.664
±èÁø±Ù,1956,1987,111,82,14,2,0,1,4,9,6,21,4,4,0.171,0.209,0.232,0.441
±èÁø¼ö,1979,2009,122,118,24,3,1,0,9,39,6,9,2,1,0.203,0.26,0.246,0.506
±èÁø¿ì,1958,1989,471,1453,363,62,5,43,196,241,173,168,16,13,0.25,0.339,0.388,0.727
±èÁøÃ¶,1958,1982,30,46,6,1,1,0,3,12,4,3,0,2,0.13,0.184,0.196,0.379
±èÁøÇÑ,1964,1992,127,253,67,18,3,6,28,51,33,31,2,5,0.265,0.338,0.431,0.769
±èÁøÇü,1990,2019,53,76,15,4,0,1,6,18,9,10,0,0,0.197,0.256,0.289,0.546
±èÁøÈ«,1962,1989,69,64,15,1,1,0,5,5,3,5,1,1,0.234,0.29,0.281,0.571
±èÃ¢Èñ,1973,2009,1345,3608,926,167,9,68,409,657,438,427,44,34,0.257,0.332,0.364,0.697
±èÃæ¹Î,1970,2000,417,857,194,36,3,27,76,196,104,87,19,12,0.226,0.289,0.37,0.659
±èÅÂ±Õ,1971,2007,1235,2960,673,122,6,63,299,715,335,317,30,21,0.227,0.298,0.336,0.635
±èÅÂ±Õ,1982,2021,2015,6900,2209,399,8,311,1141,1384,1358,1024,28,14,0.32,0.417,0.516,0.932
±èÅÂ·æ,1968,2002,621,1092,236,45,2,17,74,235,92,123,15,9,0.216,0.266,0.308,0.574
±èÅÂ¹Î,1971,1996,111,170,34,6,1,2,7,44,18,13,2,2,0.2,0.232,0.282,0.514
±èÅÂ¾÷,1962,1985,35,47,7,2,0,0,4,12,3,6,2,1,0.149,0.216,0.191,0.407
±èÅÂ¿Ï,1966,1991,140,126,26,8,0,0,8,17,15,24,8,7,0.206,0.254,0.27,0.524
±èÅÂ¿Ï,1981,2016,513,968,234,51,1,21,121,205,114,126,8,6,0.242,0.326,0.362,0.688
±èÅÂ¿Ï,1984,2018,720,1898,500,82,3,80,293,491,295,256,9,10,0.263,0.362,0.436,0.798
±èÅÂÇü,1967,2001,828,1835,432,76,4,9,100,164,157,163,12,12,0.235,0.275,0.296,0.571
±èÆòÈ£,1963,1992,461,736,162,27,4,6,92,110,60,103,62,37,0.22,0.307,0.292,0.599
±èÇÏ¼º,1995,2020,891,3195,940,191,23,133,381,502,575,606,134,38,0.294,0.369,0.493,0.863
±èÇÑ±Ù,1955,1990,575,1381,354,68,5,26,144,191,157,153,17,21,0.256,0.327,0.369,0.696
±èÇÑ¼ö,1971,2007,1497,5242,1514,279,12,149,341,800,782,704,59,39,0.289,0.332,0.432,0.764
±èÇÑÁ¶,1962,1988,226,348,75,12,1,6,44,61,36,38,4,3,0.216,0.304,0.307,0.611
±èÇö¹Î,1973,2002,210,343,79,19,1,7,14,81,41,35,3,2,0.23,0.261,0.353,0.613
±èÇöÁØ,2002,2024,319,983,261,39,11,3,86,213,79,144,13,8,0.266,0.325,0.337,0.661
±èÇü³²,1973,1997,72,103,18,3,0,1,3,23,11,11,0,0,0.175,0.198,0.233,0.431
±èÇü¼®,1962,1998,1417,4866,1345,221,44,119,454,687,656,548,45,45,0.276,0.338,0.413,0.751
±èÇü¼º,1976,1998,66,89,15,3,0,0,7,23,3,5,0,0,0.169,0.229,0.202,0.431
±èÇüÃ¶,1980,2010,167,154,24,3,0,0,7,39,8,18,4,2,0.156,0.193,0.175,0.368
±èÇý¼º,1999,2024,953,3433,1043,150,39,37,325,623,386,591,211,37,0.304,0.364,0.403,0.767
±èÈ£,1967,2002,1170,3288,746,109,26,53,381,701,338,405,131,65,0.227,0.307,0.324,0.631
±èÈ£±Ù,1960,1993,693,1570,375,72,10,26,124,264,180,140,9,10,0.239,0.295,0.347,0.642
±èÈ£Àº,1992,2022,78,114,25,5,0,2,7,19,11,12,0,0,0.219,0.264,0.316,0.58
±èÈ£ÀÎ,1954,1982,64,215,60,16,0,6,17,21,24,23,4,2,0.279,0.332,0.437,0.769
±èÈ£Àç,1995,2023,286,375,92,16,0,1,33,68,27,37,4,1,0.245,0.306,0.296,0.602
±èÈ«±â,1968,1993,84,177,38,8,0,3,13,55,21,11,2,0,0.215,0.268,0.311,0.579
±èÈ«Áý,1969,1994,23,31,4,0,0,1,3,7,6,4,0,0,0.129,0.206,0.226,0.432
±èÈ¸¼º,1985,2020,423,796,169,37,3,35,97,238,117,110,5,5,0.212,0.298,0.398,0.696
±èÈÆ,1970,1998,241,503,110,21,4,4,32,88,26,61,12,11,0.219,0.265,0.3,0.566
±èÈÖ¿í,1957,1982,36,66,10,1,1,1,1,8,9,5,0,0,0.152,0.164,0.242,0.407
³ª°æ¹Î,1991,2019,264,275,67,9,4,1,28,88,22,83,37,10,0.244,0.314,0.316,0.63
³ª±¤³²,1967,1991,104,79,11,3,1,0,11,12,7,20,8,5,0.139,0.244,0.203,0.447
³ª±Õ¾È,1998,2021,216,366,45,7,0,5,21,175,24,27,0,0,0.123,0.171,0.183,0.354
³ª¹Ù·Î,1987,2015,265,1034,307,46,2,79,189,143,235,244,47,15,0.297,0.406,0.574,0.98
³ª¼º¿ë,1988,2017,79,134,33,5,0,5,9,56,17,12,0,1,0.246,0.294,0.396,0.689
³ª¿õ,1967,1995,292,382,93,13,6,3,41,67,36,81,37,23,0.243,0.317,0.332,0.649
³ª¿øÅ¹,1994,2021,33,48,8,1,0,0,0,23,1,2,0,0,0.167,0.167,0.188,0.354
³ªÁÖÈ¯,1984,2021,1506,3886,1018,183,12,89,288,792,496,524,83,58,0.262,0.313,0.384,0.697
³ªÁö¿Ï,1985,2022,1473,4561,1265,201,8,221,666,1115,862,668,35,20,0.277,0.369,0.47,0.84
³²±âÇå,1977,2001,79,114,25,6,1,0,11,23,10,16,1,0,0.219,0.288,0.289,0.577
³²ÅÂÇõ,1991,2021,113,223,50,6,0,4,18,73,29,16,1,0,0.224,0.282,0.305,0.587
³ë¼ö±¤,1990,2023,770,2348,631,100,23,28,237,536,220,378,123,40,0.269,0.336,0.367,0.702
³ëÁøÇõ,1989,2024,987,2780,731,166,12,77,288,698,395,361,15,15,0.263,0.332,0.414,0.747
³ëÂù¿±,1965,1997,884,2788,778,121,38,43,328,258,380,368,59,58,0.279,0.355,0.396,0.751
³ëÅÂÇü,1995,2021,73,145,27,5,1,0,13,46,7,20,0,1,0.186,0.253,0.234,0.488
´º¼±,1964,2002,35,115,24,5,0,7,17,38,17,15,3,1,0.209,0.311,0.435,0.745
´ÏÀÏ,1965,2001,17,57,11,4,0,1,10,15,3,7,0,0,0.193,0.313,0.316,0.629
´ë´Ïµ·,1984,2017,149,467,130,35,1,17,77,88,72,70,1,0,0.278,0.381,0.467,0.847
´ëÅç¶ó,1967,1999,101,265,74,12,1,9,26,49,42,33,0,0,0.279,0.344,0.434,0.778
´íºí·¢,1987,2015,54,198,66,10,1,12,25,52,32,25,0,0,0.333,0.408,0.576,0.984
µ¥ÀÌºñ½º,1969,2006,836,3130,979,175,6,167,353,606,591,538,108,57,0.313,0.382,0.533,0.915
µµ½¼,1995,2024,152,611,203,45,4,14,57,95,86,106,11,4,0.332,0.389,0.488,0.877
µµÀÌ¼®,1961,1987,72,36,5,3,0,0,6,7,6,15,2,1,0.139,0.262,0.222,0.484
µ¿ºÀÃ¶,1970,1999,750,2205,583,92,22,34,315,326,210,387,116,63,0.264,0.356,0.372,0.729
µð¾ÆÁî,1971,2004,182,626,164,38,0,29,54,74,89,81,7,5,0.262,0.321,0.462,0.782
µð¾ÆÁî,1981,2009,62,207,55,15,0,15,17,76,39,37,2,1,0.266,0.321,0.556,0.877
¶ó°¡·¹½º,1989,2022,49,181,57,9,0,6,14,18,32,24,3,1,0.315,0.364,0.464,0.828
¶ó¸ð½º,1992,2024,98,383,113,20,4,13,31,78,59,53,5,3,0.295,0.348,0.47,0.818
¶ó¸ð½º,1994,2021,168,616,165,24,3,46,73,179,111,88,2,0,0.268,0.345,0.541,0.886
¶óÀÌ¿Â,1971,2005,227,896,253,68,3,23,62,136,128,117,10,4,0.282,0.329,0.442,0.771
·¯¼¿,1994,2023,124,464,125,25,1,6,39,76,73,42,3,0,0.269,0.326,0.366,0.692
·¯ÇÁ,1986,2019,404,1493,467,105,6,86,205,301,350,267,13,8,0.313,0.396,0.564,0.96
·º½º,1993,2023,111,421,122,14,3,12,54,98,64,52,3,1,0.29,0.371,0.423,0.793
·Î´Ï,1984,2017,23,79,22,5,0,3,11,14,12,7,0,0,0.278,0.367,0.456,0.822
·Î¸¶ÀÌ¾î,1965,2001,315,1165,337,68,4,85,152,265,252,192,9,6,0.289,0.371,0.573,0.945
·Î¸Æ,1985,2021,626,2231,610,109,1,155,345,555,409,386,22,11,0.273,0.371,0.532,0.902
·Î¸Þ·Î,1986,2015,76,265,67,16,0,12,29,48,50,30,2,0,0.253,0.327,0.449,0.776
·Î»ç¸®¿À,1989,2017,246,937,309,61,3,70,83,151,231,178,11,8,0.33,0.384,0.625,1.01
·ÎÆ¼³ë,1980,2014,79,216,66,18,0,2,29,22,22,30,2,0,0.306,0.388,0.417,0.804
·ÎÆäÁî,1974,2004,22,68,11,0,0,3,6,20,8,6,0,0,0.162,0.23,0.294,0.524
·ÎÇÏ½º,1993,2023,122,403,102,24,4,19,55,68,65,52,0,1,0.253,0.343,0.474,0.817
·çÀÌÁî,1994,2022,27,84,13,4,1,1,9,13,6,10,1,0,0.155,0.237,0.262,0.498
·ù½Â¹Î,2004,2024,29,53,11,3,0,0,4,20,5,6,0,0,0.208,0.263,0.264,0.527
·ù½ÂÇö,1997,2022,95,228,61,11,2,1,16,42,27,23,3,2,0.268,0.316,0.346,0.662
·ùÀºÀç,1983,2011,34,52,12,1,1,4,3,16,9,9,2,1,0.231,0.273,0.519,0.792
·ùÁßÀÏ,1963,1999,1095,3293,874,151,23,45,363,507,359,475,109,40,0.265,0.338,0.366,0.705
·ùÁöÇö,1971,2004,1108,4050,1134,193,17,64,590,537,379,719,296,85,0.28,0.372,0.383,0.755
¸®¿À½º,1972,2007,41,134,31,7,0,2,4,18,17,12,0,1,0.231,0.254,0.328,0.582
¸¶³«±æ,1989,2015,27,30,9,1,0,0,2,5,0,6,2,3,0.3,0.344,0.333,0.677
¸¶¸£Å×,1983,2016,206,750,234,48,1,42,101,111,163,137,0,0,0.312,0.394,0.547,0.94
¸¶¸£Æ¼³×½º,1970,2003,368,1374,380,75,5,57,152,216,235,222,77,37,0.277,0.349,0.463,0.812
¸¶ÀÌ·Î¿ì,1976,2006,70,208,48,9,1,12,52,74,30,42,0,2,0.231,0.385,0.457,0.841
¸¶Â÷µµ,1992,2021,278,952,266,52,2,17,112,125,125,162,23,6,0.279,0.355,0.392,0.747
¸¶Å×¿À,1978,2005,34,130,29,3,0,5,12,36,20,18,2,1,0.223,0.289,0.362,0.65
¸¶Æ¼´Ï,1990,2022,139,510,151,34,1,16,51,86,85,67,12,4,0.296,0.36,0.461,0.821
¸¶Æ¾,1967,2004,107,358,104,16,4,9,51,57,52,45,7,0,0.291,0.379,0.433,0.812
¸¶Æ¾,1995,2023,118,435,123,20,2,17,57,107,90,55,15,3,0.283,0.366,0.455,0.821
¸¶ÇØ¿µ,1970,2008,1501,5482,1609,298,20,260,587,931,1003,850,45,32,0.294,0.362,0.497,0.859
¸Æ½ºÀ£,1983,2016,23,80,23,3,1,4,15,25,16,14,2,2,0.288,0.4,0.5,0.9
¸ÆÅ°³Í,1994,2024,72,272,80,13,0,4,39,33,36,28,1,0,0.294,0.383,0.386,0.769
¸ÞÈ÷¾Æ,1972,2003,30,112,29,3,0,3,2,23,13,9,1,4,0.259,0.272,0.366,0.638
¸ð°Ç,1980,2015,10,33,9,2,0,0,4,8,5,2,1,1,0.273,0.351,0.333,0.685
¸ð³Ú,1986,2017,28,85,14,4,0,2,17,28,9,10,2,1,0.165,0.304,0.282,0.586
¸ð»ó±â,1987,2015,65,116,19,3,0,4,14,49,11,9,1,1,0.164,0.254,0.293,0.547
¸ðÃ¢¹Î,1985,2021,1042,2740,773,141,13,92,229,532,439,401,74,38,0.282,0.337,0.444,0.781
¸ðÅÍ,1989,2020,10,35,4,0,0,1,1,10,3,4,0,0,0.114,0.139,0.2,0.339
¹®±ÔÇö,1983,2019,1025,2425,608,112,7,26,168,402,269,276,25,15,0.251,0.299,0.335,0.634
¹®¼±Àç,1990,2020,358,718,175,33,5,21,68,210,93,115,27,15,0.244,0.309,0.391,0.701
¹®½ÂÈÆ,1966,1992,109,156,34,3,1,4,23,33,19,19,1,0,0.218,0.318,0.327,0.645
¹®¿ì¶÷,1992,2015,279,764,213,57,4,12,74,140,96,113,8,6,0.279,0.342,0.411,0.753
¹®Èñ¼º,1973,2006,412,908,224,36,2,30,72,175,144,110,14,9,0.247,0.302,0.39,0.692
¹Ä·»,1967,2000,14,46,9,0,0,1,6,18,3,5,2,0,0.196,0.288,0.261,0.549
¹ÌÃ¿,1969,2000,77,238,54,8,0,8,38,51,38,33,3,2,0.227,0.333,0.361,0.695
¹Î°æ»ï,1963,1992,562,1072,233,26,10,6,84,124,94,144,53,30,0.217,0.274,0.277,0.551
¹Îº´Çå,1987,2021,1438,4285,1266,214,24,99,388,720,578,751,187,70,0.295,0.354,0.426,0.78
¹Ù¿¡¸£°¡,1968,2001,39,120,33,3,2,4,6,12,17,18,0,0,0.275,0.31,0.433,0.743
¹Ù¿ö½º,1971,1999,43,124,36,6,3,3,6,27,12,17,0,6,0.29,0.323,0.46,0.783
¹Ú°æ¼ö,1984,2024,2043,5608,1396,270,13,161,783,1360,719,727,78,44,0.249,0.341,0.388,0.729
¹Ú°æ¿Ï,1972,2013,2044,5949,1480,271,15,314,974,1605,995,913,75,59,0.249,0.354,0.458,0.812
¹Ú°æÁø,1976,2005,202,252,52,4,2,1,18,48,21,23,1,0,0.206,0.259,0.25,0.509
¹Ú°æÈ£,1973,1999,103,178,45,4,0,3,15,48,18,18,18,2,0.253,0.311,0.326,0.637
¹Ú°è¿ø,1970,2002,717,1812,439,69,11,19,150,290,212,224,55,33,0.242,0.3,0.324,0.624
¹Ú°èÇö,1992,2015,159,393,105,11,0,0,28,69,34,50,17,11,0.267,0.316,0.295,0.611
¹Ú±Ô´ë,1972,1999,60,40,5,0,0,0,2,9,0,10,6,3,0.125,0.167,0.125,0.292
¹Ú±â³²,1981,2015,764,1328,338,63,0,23,183,254,147,200,15,12,0.255,0.345,0.354,0.699
¹Ú±âÅÃ,1968,1995,94,178,27,2,0,6,24,45,15,11,2,2,0.152,0.252,0.264,0.517
¹Ú±âÇõ,1981,2018,1444,3657,891,134,12,22,344,712,337,394,79,46,0.244,0.309,0.305,0.614
¹Ú³ë¹Î,1985,2016,193,354,77,14,0,8,22,120,40,29,4,0,0.218,0.263,0.325,0.588
¹Ú³ëÁØ,1962,1997,1018,2921,765,110,27,28,223,302,266,368,152,73,0.262,0.314,0.347,0.661
¹Ú´ë¿Â,1995,2023,259,364,77,16,1,2,13,102,23,28,0,1,0.212,0.239,0.277,0.516
¹Ú¹Î,2001,2024,46,67,14,5,0,0,4,18,5,10,0,2,0.209,0.254,0.284,0.537
¹Úº´È£,1970,1996,161,319,59,13,2,3,14,73,31,28,2,0,0.185,0.219,0.266,0.486
¹Ú»ó±¹,1960,1992,230,419,90,17,3,5,46,84,42,42,6,3,0.215,0.292,0.305,0.598
¹Ú»ó¹Î,1978,2002,37,39,9,1,0,0,5,9,2,3,0,2,0.231,0.318,0.256,0.575
¹Ú»ó¾ð,1997,2024,213,371,81,16,2,5,32,96,36,38,2,5,0.218,0.28,0.313,0.593
¹Ú»óÇö,1972,1998,186,173,36,5,2,0,8,56,10,26,8,4,0.208,0.243,0.26,0.503
¹Ú¼®¹Î,1985,2023,1697,5363,1537,271,10,269,857,1145,1041,882,23,17,0.287,0.385,0.491,0.876
¹Ú¼±ÀÏ,1966,1996,289,495,118,20,1,7,37,74,44,42,3,6,0.238,0.291,0.325,0.617
¹Ú¼ºÈÆ,1967,1990,44,56,11,2,0,1,7,15,4,7,2,1,0.196,0.286,0.286,0.571
¹Ú½Â±Ô,2000,2022,226,343,79,14,0,4,21,63,25,49,8,7,0.23,0.275,0.306,0.581
¹Ú½ÂÈ£,1958,1993,949,2486,685,125,5,87,295,273,432,312,20,18,0.276,0.352,0.435,0.787
¹Ú¿¬¼ö,1974,2008,488,901,232,42,3,31,101,283,137,106,6,8,0.257,0.332,0.414,0.746
¹Ú¿µÅÂ,1959,1992,682,1345,305,40,11,2,102,213,106,170,50,24,0.227,0.281,0.277,0.559
¹Ú¿ë±Ù,1984,2016,399,585,130,25,6,5,64,124,43,99,46,17,0.222,0.299,0.311,0.61
¹Ú¿ë¼º,1958,1988,361,922,238,34,4,43,94,158,145,108,12,13,0.258,0.327,0.444,0.77
¹Ú¿ëÅÃ,1979,2022,2237,8139,2504,441,44,213,793,1392,1192,1259,313,90,0.308,0.369,0.451,0.82
¹ÚÀ¯¿¬,1998,2023,28,36,9,2,0,0,1,12,3,3,0,0,0.25,0.27,0.306,0.576
¹ÚÀ±,1988,2017,56,101,19,2,0,0,5,31,4,6,0,0,0.188,0.226,0.208,0.434
¹ÚÀÎ±¸,1970,1993,70,64,9,2,0,0,2,18,1,11,1,0,0.141,0.167,0.172,0.339
¹ÚÀç¹ú,1968,1998,394,872,208,35,8,5,57,85,72,118,46,21,0.239,0.285,0.314,0.599
¹ÚÀç»ó,1982,2016,1087,3084,807,161,19,65,361,597,394,459,135,66,0.262,0.339,0.389,0.728
¹ÚÀç¿ë,1969,2000,546,1562,385,74,8,23,130,276,195,167,12,5,0.246,0.304,0.348,0.653
¹ÚÀç¿í,1995,2022,42,62,16,2,0,0,2,13,5,5,0,0,0.258,0.281,0.29,0.572
¹ÚÀçÈ«,1973,2012,1797,6097,1732,316,26,300,875,1147,1081,1012,267,145,0.284,0.374,0.492,0.866
¹ÚÀü¼·,1959,1985,69,152,32,5,1,0,7,22,12,12,0,1,0.211,0.245,0.257,0.502
¹ÚÁ¤±Ç,1981,2019,1308,4150,1134,209,17,178,450,942,679,611,56,36,0.273,0.344,0.46,0.805
¹ÚÁ¤À½,1989,2021,411,507,126,11,6,7,54,143,52,124,38,21,0.249,0.321,0.335,0.656
¹ÚÁ¤ÁØ,1984,2015,411,799,185,38,3,10,81,185,71,100,16,13,0.232,0.302,0.324,0.626
¹ÚÁ¤ÅÂ,1969,2004,1167,3857,1141,228,23,85,475,416,639,531,22,27,0.296,0.373,0.433,0.806
¹ÚÁ¤Çö,2001,2023,197,478,107,17,1,6,27,141,41,51,7,1,0.224,0.265,0.301,0.567
¹ÚÁ¤È¯,1957,1992,387,736,172,26,1,22,35,154,106,76,4,7,0.234,0.268,0.361,0.63
¹ÚÁ¤È¯,1977,2011,598,1219,293,59,6,21,123,286,141,168,9,7,0.24,0.31,0.35,0.66
¹ÚÁ¾À±,1982,2016,837,2404,644,125,18,42,103,372,332,264,20,16,0.268,0.298,0.387,0.685
¹ÚÁ¾ÀÏ,1972,2001,447,453,96,15,2,4,43,102,45,64,20,10,0.212,0.28,0.28,0.561
¹ÚÁ¾È£,1973,2009,1541,4955,1336,227,35,71,525,612,584,761,103,49,0.27,0.34,0.373,0.712
¹ÚÁ¾ÈÆ,1959,1989,682,2209,640,94,17,32,213,145,231,281,71,40,0.29,0.352,0.391,0.743
¹ÚÁØ¼­,1981,2015,731,994,228,45,10,8,77,238,98,119,20,6,0.229,0.285,0.319,0.604
¹ÚÁØ¿µ,1953,1984,135,342,75,14,0,3,38,63,26,34,0,3,0.219,0.297,0.287,0.584
¹ÚÁØÅÂ,1967,1998,724,1618,395,94,10,23,171,262,163,263,84,41,0.244,0.316,0.357,0.674
¹ÚÁØÅÂ,1991,2023,427,749,164,30,3,11,125,266,78,156,11,5,0.219,0.331,0.311,0.642
¹ÚÁö±Ô,1991,2020,142,229,44,10,1,1,17,73,18,30,7,3,0.192,0.248,0.258,0.506
¹ÚÁö»ó,1975,1996,229,578,156,30,3,2,77,79,52,71,14,12,0.27,0.356,0.343,0.698
¹ÚÁöÈ¯,1969,1997,133,229,48,10,1,1,21,55,14,21,2,3,0.21,0.276,0.275,0.551
¹ÚÁø¸¸,1976,2015,1993,6039,1574,317,15,153,671,1003,781,763,94,76,0.261,0.335,0.394,0.729
¹ÚÁøÈ¯,1981,2011,66,118,21,7,0,1,4,37,8,11,3,2,0.178,0.205,0.263,0.468
¹ÚÂù,1955,1986,122,275,69,14,0,2,23,52,24,35,5,3,0.251,0.309,0.324,0.632
¹ÚÂùµµ,1989,2020,282,299,70,12,2,1,33,87,28,84,27,13,0.234,0.31,0.298,0.608
¹ÚÂùÇõ,2003,2023,100,315,65,12,0,7,19,108,25,26,0,1,0.206,0.251,0.311,0.563
¹ÚÃ¢¾ð,1958,1986,47,139,34,6,1,0,2,35,11,10,4,2,0.245,0.255,0.302,0.557
¹ÚÃ¶¿µ,1960,1988,200,379,80,19,3,5,34,97,36,39,3,4,0.211,0.276,0.317,0.593
¹ÚÃ¶¿ì,1964,1998,961,2519,701,121,5,59,269,356,373,247,7,9,0.278,0.348,0.401,0.748
¹ÚÅÂÈ£,1963,1992,205,385,99,10,0,5,17,57,40,34,10,1,0.257,0.289,0.322,0.611
¹ÚÇÑ°á,1994,2020,22,31,5,0,0,0,2,12,1,5,0,1,0.161,0.212,0.161,0.373
¹ÚÇÑÀÌ,1979,2019,2127,7392,2174,368,32,146,1028,1130,906,1211,149,102,0.294,0.38,0.412,0.792
¹ÚÇØÁ¾,1952,1985,44,84,18,3,0,0,8,10,11,2,0,0,0.214,0.283,0.25,0.533
¹ÚÇåµµ,1987,2018,302,576,134,28,0,19,84,155,81,75,3,2,0.233,0.33,0.38,0.711
¹ÚÇå¿í,1993,2019,18,31,7,3,0,1,1,10,4,1,1,0,0.226,0.25,0.419,0.669
¹ÚÇö¼ö,1972,1992,39,46,9,2,1,0,4,18,2,4,0,0,0.196,0.26,0.283,0.543
¹ÚÇö½Â,1972,2008,1167,3634,962,167,18,62,414,644,399,503,98,43,0.265,0.34,0.372,0.712
¹ÚÇö¿µ,1968,1998,524,1060,248,38,7,22,49,210,121,100,8,4,0.234,0.268,0.345,0.613
¹ÚÈï½Ä,1962,1993,660,2024,519,65,25,12,261,218,189,252,73,45,0.256,0.341,0.331,0.672
¹Ý½½¶óÀÌÅ©,1986,2018,12,39,5,1,0,1,4,6,4,1,0,0,0.128,0.209,0.231,0.44
¹ÝÁî,1986,2020,74,283,75,17,1,9,27,81,42,38,2,1,0.265,0.329,0.428,0.757
¹ßµ¥½º,1973,2007,116,435,123,15,0,13,70,49,72,50,4,1,0.283,0.382,0.407,0.789
¹ßµ¥½º,1978,2008,47,156,34,9,1,1,9,19,16,17,13,4,0.218,0.261,0.308,0.568
¹ßµð¸®½º,1983,2016,44,154,41,6,0,8,31,17,33,24,0,0,0.266,0.389,0.461,0.85
¹æÁøÈ£,1977,2002,39,37,4,0,0,0,2,10,0,5,0,0,0.108,0.154,0.108,0.262
¹è´ë¿õ,1954,1986,356,822,213,32,3,11,72,52,83,85,24,7,0.259,0.319,0.345,0.664
¹è¼º±Ù,1995,2022,140,183,33,6,0,1,20,63,11,28,2,1,0.18,0.261,0.23,0.491
¹è½º,1974,2000,15,59,16,4,0,3,9,22,13,13,3,1,0.271,0.368,0.492,0.859
¹è¿µ¼·,1986,2019,633,1944,534,83,7,16,225,324,169,300,94,32,0.275,0.35,0.349,0.699
¹èÁ¤ÈÆ,1973,1998,93,162,34,5,0,2,7,38,10,11,1,1,0.21,0.243,0.278,0.52
¹éµ¿ÈÆ,1990,2021,143,119,19,5,0,1,11,42,6,30,4,4,0.16,0.231,0.227,0.458
¹é»ó¿ø,1988,2018,252,600,162,25,3,3,72,106,63,83,8,3,0.27,0.348,0.337,0.685
¹é¼ºÁø,1968,1997,127,239,59,8,1,1,17,58,23,21,10,9,0.247,0.297,0.301,0.598
¹é½Â·æ,1982,2013,159,207,34,7,0,0,28,64,9,28,6,3,0.164,0.264,0.198,0.462
¹é½Â¹Î,1990,2021,44,85,18,3,0,0,4,25,10,7,0,0,0.212,0.247,0.247,0.494
¹é½ÂÇö,1995,2024,59,90,19,3,0,0,9,27,4,9,1,1,0.211,0.283,0.244,0.527
¹é¿ëÈ¯,1989,2022,390,752,153,28,0,29,90,231,83,81,5,3,0.203,0.289,0.356,0.645
¹éÀÎ¼ö,1963,1999,953,2853,743,111,15,40,287,311,270,329,82,43,0.26,0.328,0.352,0.68
¹éÀÎÃµ,1943,1984,116,403,135,31,2,23,56,29,91,67,13,3,0.335,0.416,0.593,1.009
¹éÀçÈ£,1974,2007,1007,2571,631,130,6,68,272,481,306,278,19,13,0.245,0.318,0.38,0.698
¹éÁø¿ì,1988,2019,259,478,120,36,2,9,46,110,55,70,5,5,0.251,0.317,0.391,0.708
¹ö³ªµð³ª,1984,2018,270,1070,337,51,11,47,104,215,181,224,64,20,0.315,0.376,0.515,0.891
¹øÁî,1990,2018,249,885,252,72,5,38,62,233,121,151,15,9,0.285,0.332,0.506,0.838
º£·Î¾Æ,1965,2002,11,31,3,1,0,1,3,15,3,1,0,0,0.097,0.176,0.226,0.402
º£ÅºÄÚÆ®,1991,2019,53,203,50,8,0,8,18,51,29,23,1,1,0.246,0.308,0.404,0.712
º¸¾î,1988,2021,32,100,17,2,0,3,11,30,17,7,0,0,0.17,0.252,0.28,0.532
ºÎ½Ã,1968,1998,76,240,51,11,1,10,16,81,28,20,0,0,0.212,0.262,0.392,0.653
ºê¶ó¿î,1984,2015,137,464,121,21,2,28,66,127,76,82,5,2,0.261,0.353,0.496,0.849
ºê·¡µð,1969,1998,70,155,40,6,4,3,6,30,6,18,4,1,0.258,0.286,0.406,0.692
ºê·ë¹Ù,1974,2009,553,1971,590,94,3,116,385,382,390,320,16,18,0.299,0.414,0.527,0.94
ºê¸®¶Ç,1972,2005,635,2343,683,131,5,112,199,352,391,347,13,12,0.292,0.347,0.495,0.842
ºê¸¯½º,1971,1999,115,361,102,14,6,23,13,85,74,48,6,3,0.283,0.307,0.546,0.853
ºê¸µÅ¬¸®,1968,2000,27,91,19,1,0,3,6,25,14,9,2,0,0.209,0.258,0.319,0.576
»êÅä½º,1966,2001,130,484,150,19,0,26,46,66,107,74,1,0,0.31,0.37,0.51,0.88
»ì¶óµð³ë,1989,2020,44,132,37,8,0,6,23,41,27,26,6,1,0.28,0.387,0.477,0.864
»÷´õ½º,1969,1999,125,409,101,14,0,40,105,133,94,86,3,0,0.247,0.401,0.575,0.975
»÷Áî,1987,2019,164,611,187,40,2,40,83,128,150,117,1,3,0.306,0.389,0.574,0.964
¼­µ¿¿í,1984,2018,849,1974,500,98,10,47,235,592,233,273,26,13,0.253,0.333,0.384,0.717
¼­µ¿¿í,2000,2024,46,43,5,2,0,0,3,13,0,4,0,0,0.116,0.174,0.163,0.337
¼­ºê³Ø,1976,2006,40,143,32,3,1,4,6,17,15,14,2,1,0.224,0.255,0.343,0.598
¼­»ó¿ì,1989,2019,194,382,108,14,0,13,52,107,51,63,7,2,0.283,0.369,0.421,0.79
¼­¼º¹Î,1976,2002,36,46,5,0,0,1,2,16,1,3,1,0,0.109,0.146,0.174,0.32
¼­¿¹ÀÏ,1993,2024,169,123,24,5,0,0,9,34,7,18,0,0,0.195,0.25,0.236,0.486
¼­¿ëºó,1971,2006,828,2625,760,139,22,22,238,353,350,307,31,19,0.29,0.349,0.384,0.733
¼­ÀÏ±Ç,1961,1991,75,88,18,4,0,0,9,24,6,12,3,1,0.205,0.278,0.25,0.528
¼­Á¤¹Î,1969,1995,63,112,26,1,1,2,6,34,9,16,3,2,0.232,0.271,0.312,0.584
¼­Á¤È£,1981,2009,24,44,8,0,0,2,4,15,4,6,2,0,0.182,0.25,0.318,0.568
¼­Á¤È¯,1955,1989,716,2277,609,75,9,22,213,265,199,285,136,71,0.267,0.33,0.337,0.667
¼­Ã¢±â,1965,1992,203,373,76,19,4,2,51,97,40,37,2,5,0.204,0.3,0.292,0.592
¼­Æ°,1970,2007,246,861,241,43,3,56,166,198,173,140,0,2,0.28,0.396,0.532,0.928
¼­ÇÑ±Ô,1973,2007,457,632,142,15,6,4,62,121,48,93,21,4,0.225,0.294,0.286,0.58
¼­È¿ÀÎ,1962,1995,306,488,101,13,2,10,61,101,56,38,4,4,0.207,0.295,0.303,0.598
¼®¼öÃ¶,1973,1996,114,289,77,16,1,3,17,45,32,32,4,2,0.266,0.307,0.36,0.667
¼º±ºÃ¶,1968,1992,156,144,29,4,1,1,8,31,15,42,15,9,0.201,0.243,0.264,0.507
¼ºÀÇÁØ,1989,2017,53,43,7,2,0,1,4,13,6,5,0,1,0.163,0.234,0.279,0.513
¼Ò»ó¿µ,1973,1997,91,176,30,7,1,2,18,40,12,14,1,1,0.17,0.247,0.256,0.503
¼ÒÅ©¶óÅ×½º,1992,2024,409,1613,487,90,13,63,127,252,270,266,40,18,0.302,0.353,0.491,0.844
¼Õ±æÈ£,1967,1991,109,164,24,3,1,1,15,18,16,11,3,6,0.146,0.218,0.195,0.413
¼Õµ¿ÀÏ,1971,1999,203,461,92,18,1,10,33,130,40,58,12,6,0.2,0.253,0.308,0.561
¼Õ»ó´ë,1954,1985,33,31,6,1,0,0,3,11,3,1,1,0,0.194,0.265,0.226,0.491
¼Õ»óµæ,1956,1988,236,381,89,6,4,2,20,57,35,51,14,5,0.234,0.272,0.286,0.558
¼Õ½ÃÇå,1980,2019,1559,4657,1265,224,25,70,430,693,550,546,31,24,0.272,0.333,0.376,0.709
¼Õ¿ë¼®,1987,2016,235,363,95,16,1,0,22,76,41,32,1,1,0.262,0.304,0.311,0.615
¼ÕÀÎÈ£,1975,2012,908,2257,593,122,13,24,226,409,242,235,17,16,0.263,0.33,0.36,0.69
¼ÕÁÖÀÎ,1983,2019,1007,2362,635,99,8,21,184,344,232,286,29,23,0.269,0.322,0.344,0.666
¼ÕÁöÈ¯,1978,2010,908,2044,493,82,4,47,112,246,217,230,16,19,0.241,0.281,0.354,0.635
¼ÕÂ÷ÈÆ,1970,2001,486,1104,246,50,2,10,62,158,84,108,10,14,0.223,0.264,0.299,0.563
¼Û°æ¼·,1960,1982,53,152,30,9,1,2,12,41,20,9,2,1,0.197,0.256,0.309,0.565
¼Û±¤¹Î,1983,2020,1060,3601,1029,181,5,111,192,812,530,489,30,17,0.286,0.322,0.431,0.753
¼Û±¸È«,1968,2000,712,2287,622,105,10,42,148,253,235,314,97,39,0.272,0.316,0.382,0.698
¼Û»ê,1982,2012,247,423,95,12,0,7,29,97,55,37,5,5,0.225,0.274,0.303,0.577
¼Û¿µ¿î,1952,1988,354,817,214,30,4,2,103,87,83,80,20,19,0.262,0.345,0.316,0.66
¼Û¿ìÇö,1996,2021,83,262,74,17,2,3,30,53,42,37,1,1,0.282,0.356,0.397,0.753
¼Û¿ø±¹,1979,2002,81,146,39,7,0,6,8,28,28,19,4,0,0.267,0.305,0.438,0.744
¼ÛÀÎÈ£,1968,1997,430,986,200,32,1,14,92,221,77,87,50,33,0.203,0.271,0.28,0.551
¼ÛÀÏ¼·,1959,1990,621,1512,389,73,4,39,170,227,163,183,15,14,0.257,0.332,0.388,0.721
¼ÛÀÏ¼ö,1950,1986,160,351,78,13,2,4,22,40,40,38,2,7,0.222,0.268,0.305,0.573
¼ÛÀç¹Ú,1956,1991,248,654,177,32,5,16,86,100,95,73,5,3,0.271,0.355,0.408,0.764
¼ÛÀçÀÍ,1974,2004,486,490,89,17,4,6,56,157,53,77,26,10,0.182,0.266,0.269,0.535
¼ÛÁÖÈ£,1988,2016,199,240,40,6,0,1,16,63,12,31,7,5,0.167,0.219,0.204,0.423
¼ÛÁØ¼®,1994,2023,105,189,44,10,0,4,8,39,17,20,0,0,0.233,0.264,0.349,0.613
¼ÛÁö¸¸,1973,2013,1938,6620,1870,327,28,311,691,1451,1030,1019,165,102,0.282,0.35,0.481,0.832
¼ÛÁøÈ£,1957,1982,41,80,11,2,0,1,2,18,7,11,3,2,0.138,0.159,0.2,0.359
¼ÛÅÂÀÏ,1970,1996,215,541,122,26,1,15,26,82,69,49,7,2,0.226,0.261,0.36,0.621
½º³ªÀÌ´õ,1982,2015,150,531,142,33,1,30,46,166,88,105,4,4,0.267,0.326,0.503,0.829
½º¸ô¸°½ºÅ°,1989,2019,55,205,47,14,1,9,16,31,42,32,3,1,0.229,0.285,0.439,0.724
½º¹Ì½º,1969,2000,241,831,239,47,2,75,78,220,198,141,1,2,0.288,0.349,0.62,0.968
½º¹Ì½º,1970,2005,30,100,22,3,0,6,7,25,19,11,0,0,0.22,0.271,0.43,0.701
½ºÄ±,1975,2006,48,153,25,1,1,6,10,37,14,10,0,0,0.163,0.215,0.301,0.515
½ºÄ±,1978,2014,33,105,28,7,0,6,20,18,17,17,0,0,0.267,0.384,0.505,0.889
½ºÅ©·°½º,1987,2018,257,938,260,59,0,61,120,278,208,166,7,2,0.277,0.359,0.535,0.894
½Ã¿ÀÅ¸´Ï,1974,2006,23,91,27,4,0,3,7,12,19,15,1,0,0.297,0.347,0.44,0.786
½Å°æ½Ä,1961,1995,1366,4650,1282,208,38,56,384,347,559,559,155,77,0.276,0.331,0.373,0.704
½Å°æÇö,1975,2012,976,2359,595,95,6,31,218,437,224,236,29,24,0.252,0.315,0.337,0.652
½Å±¹È¯,1972,2002,469,1171,301,59,4,23,69,179,160,169,19,14,0.257,0.298,0.373,0.672
½Åµ¿ÁÖ,1972,2006,1041,2904,791,139,9,110,238,629,415,448,122,51,0.272,0.327,0.44,0.768
½Å¸íÃ¶,1978,2015,1212,3198,771,127,21,54,295,642,334,396,130,65,0.241,0.305,0.345,0.65
½Åº»±â,1989,2024,1000,2193,541,86,2,31,209,473,260,294,21,20,0.247,0.312,0.33,0.642
½Å¼ºÇö,1990,2023,287,442,96,14,1,16,53,160,59,75,2,5,0.217,0.301,0.362,0.663
½Å¾ðÈ£,1955,1990,728,2013,487,77,12,18,139,205,211,183,42,33,0.242,0.291,0.319,0.61
½ÅÀ±ÈÄ,1996,2024,209,270,58,9,4,4,17,55,19,44,8,3,0.215,0.261,0.322,0.584
½ÅÁ¾±æ,1983,2017,768,2032,554,104,30,28,160,484,223,322,132,43,0.273,0.326,0.395,0.72
½ÅÁÖÀÏ,1977,2004,53,69,19,1,0,0,6,10,7,12,4,2,0.275,0.333,0.29,0.623
½ÅÁØ¿ì,2001,2024,157,103,15,6,0,0,11,45,4,17,0,1,0.146,0.228,0.204,0.432
½ÅÁø¼ö,1972,1998,159,292,60,17,0,1,26,55,19,39,7,4,0.205,0.27,0.274,0.544
½ÅÁøÈ£,1991,2018,29,34,5,1,0,0,3,15,1,2,0,0,0.147,0.216,0.176,0.393
½ÅÇöÃ¶,1987,2016,125,133,31,7,0,1,12,40,8,18,1,0,0.233,0.297,0.308,0.605
½É±¤È£,1977,2012,512,815,176,28,2,27,50,237,95,74,8,3,0.216,0.261,0.355,0.616
½É¼ºº¸,1973,2003,758,2126,547,111,16,63,179,400,321,258,33,23,0.257,0.315,0.413,0.728
½ÉÀç¿ø,1953,1991,552,1128,240,27,1,10,88,143,90,102,21,9,0.213,0.27,0.265,0.535
½ÉÀçÀ±,1975,2001,140,159,35,6,1,9,15,53,20,28,2,2,0.22,0.287,0.44,0.728
½ÉÀçÇÐ,1972,2008,1247,3704,995,193,14,149,617,558,622,539,25,23,0.269,0.373,0.449,0.822
½ÉÁ¤¼ö,1975,2008,1450,5050,1451,232,14,328,777,1073,1029,859,43,22,0.287,0.382,0.534,0.916
¾ÆµÎÄ¡,1985,2016,196,773,237,52,8,35,73,177,147,151,39,12,0.307,0.366,0.53,0.897
¾Æ¼ö¾ÆÇì,1991,2019,49,163,41,5,4,2,26,24,21,34,4,2,0.252,0.354,0.368,0.723
¾È°æÇö,1970,2010,1766,5405,1483,265,20,121,548,639,722,639,37,23,0.274,0.341,0.398,0.739
¾È±Ç¼ö,1993,2023,326,586,163,13,4,2,61,88,56,112,24,12,0.278,0.346,0.324,0.67
¾È´ëÈ¯,1962,1993,390,483,104,21,6,8,38,75,48,83,26,21,0.215,0.273,0.333,0.606
¾È¸í¼º,1973,1997,91,86,13,0,0,1,6,26,1,13,6,3,0.151,0.207,0.186,0.393
¾È¸íÈ£,1971,1993,81,82,13,2,0,0,5,26,1,6,0,1,0.159,0.207,0.183,0.39
¾È¹Î¼®,1966,1989,29,40,7,0,0,0,5,5,1,6,1,3,0.175,0.267,0.175,0.442
¾È»óÁØ,1973,2007,509,1189,283,40,7,13,94,240,111,133,15,5,0.238,0.294,0.316,0.61
¾È½ÂÇÑ,1992,2024,92,109,24,4,0,0,5,36,14,10,1,0,0.22,0.254,0.257,0.511
¾È¾ðÇÐ,1962,1991,130,269,53,9,0,1,22,62,21,21,1,0,0.197,0.258,0.242,0.499
¾ÈÀÍÈÆ,1996,2024,398,537,148,14,2,1,46,76,38,86,7,5,0.276,0.333,0.315,0.647
¾ÈÀç¸¸,1974,2008,584,1365,330,74,3,40,136,374,176,174,53,22,0.242,0.31,0.388,0.699
¾ÈÀç¼®,2002,2023,222,499,113,20,3,6,38,136,36,58,7,0,0.226,0.281,0.315,0.596
¾ÈÁ¤±¤,1989,2015,46,81,16,2,0,0,6,25,8,6,1,2,0.198,0.253,0.222,0.475
¾ÈÄ¡¿ë,1979,2013,528,1226,314,56,5,32,165,313,169,167,25,5,0.256,0.344,0.388,0.733
¾ÈÅÂ¿µ,1985,2014,53,97,29,8,0,2,8,35,12,15,1,0,0.299,0.352,0.443,0.796
¾ÈÈñºÀ,1972,2001,43,68,16,2,0,3,3,22,12,4,0,0,0.235,0.268,0.397,0.665
¾Ëµå¸®Áö,1979,2011,117,414,98,20,1,20,59,139,73,55,6,2,0.237,0.332,0.435,0.767
¾Ë¸óÅ×,1989,2021,60,225,61,9,0,7,22,50,36,18,1,0,0.271,0.336,0.404,0.74
¾ËÄ­Æ®¶ó,1971,2004,116,422,112,16,2,22,46,104,69,57,0,2,0.265,0.338,0.469,0.807
¾ËÅ×¾î,1991,2021,279,974,268,39,9,63,103,305,192,173,42,8,0.275,0.344,0.528,0.872
¾ËÆ÷µå,1994,2023,213,774,223,50,4,29,80,230,120,131,22,5,0.288,0.355,0.475,0.83
¾á,1966,2001,106,330,89,18,0,17,52,88,62,52,1,1,0.27,0.369,0.479,0.848
¾ç¼º¿ì,1989,2020,406,1168,295,53,5,9,123,209,115,150,17,8,0.253,0.324,0.33,0.653
¾ç¼¼Á¾,1958,1990,492,1490,403,64,11,27,114,157,199,166,36,32,0.27,0.322,0.383,0.705
¾ç½Â°ü,1959,1990,446,1334,330,66,6,31,99,202,155,150,14,19,0.247,0.299,0.376,0.675
¾ç½ÂÇÐ,1984,2009,47,93,24,5,0,4,7,29,12,12,0,0,0.258,0.31,0.441,0.751
¾ç½ÂÈ£,1960,1986,195,413,92,14,2,4,28,44,41,33,5,3,0.223,0.272,0.295,0.568
¾ç¿µµ¿,1983,2013,173,180,34,5,1,0,22,47,8,44,20,5,0.189,0.277,0.228,0.505
¾ç¿ë¸ð,1967,2002,746,1658,395,71,7,21,159,392,187,210,83,32,0.238,0.305,0.328,0.632
¾ç¿ìÇö,2000,2024,15,37,3,0,0,0,2,11,1,0,0,0,0.081,0.128,0.081,0.209
¾çÁ¾¹Î,1990,2019,150,147,27,5,1,1,11,53,17,24,1,4,0.184,0.241,0.252,0.492
¾çÁØÇõ,1969,2010,2135,7332,2318,458,25,351,1278,910,1389,1299,193,119,0.316,0.418,0.529,0.947
¾çÂù¿­,1997,2024,113,200,47,6,2,3,27,49,22,37,3,2,0.235,0.326,0.33,0.656
¾çÇö¼®,1977,2007,400,795,191,34,3,24,72,163,114,81,7,7,0.24,0.303,0.381,0.684
¾çÈ¸¿­,1971,1996,204,465,111,11,1,0,37,98,25,48,2,6,0.239,0.295,0.267,0.561
¾çÈÄ½Â,1961,1992,388,450,101,15,3,6,62,103,32,83,17,18,0.224,0.318,0.311,0.629
¾öÁ¤´ë,1975,2003,175,153,32,3,1,3,9,40,19,34,3,3,0.209,0.253,0.301,0.554
¾öÅÂ¼·,1959,1984,46,105,19,3,0,0,4,14,6,8,2,0,0.181,0.211,0.21,0.421
¾öÅÂ¿ë,1994,2014,56,81,18,5,0,0,2,24,7,4,1,0,0.222,0.241,0.284,0.525
¿¡·¹¶ó,1972,2002,156,628,206,35,2,21,32,81,83,84,17,12,0.328,0.361,0.49,0.851
¿¡¹Ý½º,1986,2017,256,914,275,50,0,51,130,204,171,151,2,0,0.301,0.388,0.523,0.911
¿£Á©,1975,2004,40,131,36,3,0,9,23,30,27,21,2,0,0.275,0.383,0.504,0.887
¿©ÅÂ±¸,1964,1995,591,1495,376,63,17,18,168,201,148,200,86,33,0.252,0.327,0.353,0.68
¿¬°æÈì,1983,2013,345,774,180,40,3,26,76,183,88,102,2,1,0.233,0.301,0.393,0.694
¿°°æ¿±,1968,2000,896,1449,283,53,7,5,122,208,110,197,83,34,0.195,0.258,0.252,0.51
¿¹Áø¿ø,1999,2024,117,190,33,9,1,2,19,49,13,23,0,1,0.174,0.249,0.263,0.512
¿À±×·¹µð,1992,2023,22,80,10,3,0,0,5,40,8,3,1,0,0.125,0.176,0.162,0.339
¿À´ë¼®,1960,1991,723,2055,514,77,7,36,250,264,248,249,41,20,0.25,0.331,0.347,0.678
¿À´öÈ¯,1959,1988,198,344,69,7,0,0,21,34,16,23,4,4,0.201,0.247,0.221,0.468
¿À¸®¾î¸®,1969,2004,63,211,56,14,2,10,23,37,28,30,0,0,0.265,0.338,0.493,0.83
¿ÀÀ±,1981,2014,350,592,135,22,3,8,80,151,71,61,8,4,0.228,0.32,0.316,0.636
¿ÀÀç¿ø,1985,2022,1571,4321,1152,192,33,64,462,933,521,678,289,89,0.267,0.337,0.371,0.708
¿ÀÀçÀÏ,1986,2024,1491,4498,1229,274,7,215,582,1132,873,616,14,7,0.273,0.356,0.481,0.837
¿ÀÀçÇÊ,1982,2013,162,233,49,6,1,3,17,95,21,32,15,5,0.21,0.264,0.283,0.547
¿ÀÁ¤º¹,1986,2018,425,1070,306,50,4,19,103,138,127,155,7,8,0.286,0.349,0.393,0.742
¿ÀÁ¤È¯,1999,2021,39,45,8,1,0,0,1,21,3,9,0,2,0.178,0.196,0.2,0.396
¿ÀÁØÇõ,1992,2022,280,542,127,21,4,9,35,144,59,67,3,7,0.234,0.281,0.338,0.618
¿ÀÅÂ±Ù,1978,2009,214,288,54,13,2,1,27,69,11,42,27,17,0.188,0.257,0.257,0.514
¿ÀÇö±Ù,1985,2016,57,54,10,2,0,0,8,13,5,8,3,2,0.185,0.29,0.222,0.513
¿Ó½¼,1978,2009,10,38,7,1,0,2,4,5,6,3,0,0,0.184,0.262,0.368,0.63
¿ë´öÇÑ,1981,2016,653,988,223,36,1,9,59,203,74,106,7,7,0.226,0.269,0.291,0.561
¿ì°æÇÏ,1957,1988,323,854,192,26,3,17,39,136,70,77,5,12,0.225,0.259,0.322,0.581
¿ìµ¿±Õ,1989,2017,355,614,135,28,3,9,94,143,83,87,11,8,0.22,0.323,0.319,0.643
¿ìµå,1967,2000,35,110,28,9,0,1,11,20,9,10,1,1,0.255,0.322,0.364,0.686
¿ìÁî,1969,2002,614,2228,655,90,6,174,358,610,510,412,27,10,0.294,0.392,0.574,0.966
¿ø¿ø±Ù,1967,1995,460,1069,277,48,6,8,125,154,121,105,19,21,0.259,0.337,0.338,0.674
Àª¸®¾ö½º,1964,2000,37,133,33,7,0,12,25,36,26,22,0,0,0.248,0.367,0.571,0.939
Àª¸®¾ö½º,1993,2023,68,258,63,14,0,9,8,63,45,29,1,1,0.244,0.267,0.403,0.67
Àª¸®¾ö½¼,1990,2019,40,154,42,7,1,4,13,50,15,19,0,1,0.273,0.329,0.409,0.738
Àª½¼,1990,2019,68,231,58,15,0,9,31,60,37,21,1,2,0.251,0.34,0.433,0.773
À¯°í¿õ,1958,1988,336,1024,251,31,6,11,106,93,91,112,43,21,0.245,0.316,0.319,0.635
À¯µ¿È¿,1965,1994,435,885,187,33,4,17,108,220,83,103,10,5,0.211,0.297,0.315,0.612
À¯µÎ¿­,1956,1991,738,2224,588,102,14,58,256,220,268,297,56,40,0.264,0.34,0.401,0.741
À¯·Î°á,2000,2024,182,339,53,9,0,2,25,104,24,40,6,3,0.156,0.214,0.201,0.415
À¯¹Î»ó,1989,2021,367,955,251,56,2,23,125,203,156,116,3,1,0.263,0.348,0.398,0.746
À¯»óºó,2000,2023,20,52,15,5,0,0,1,12,4,4,0,1,0.288,0.302,0.385,0.687
À¯¼­ÁØ,1995,2021,59,45,7,1,0,1,2,15,2,16,4,2,0.156,0.191,0.244,0.436
À¯¼±Á¤,1986,2015,160,273,55,7,1,1,37,59,27,23,2,1,0.201,0.297,0.245,0.542
À¯¼º·æ,1960,1985,38,66,16,1,0,0,1,12,12,4,2,1,0.242,0.254,0.258,0.511
À¯½Â¾È,1956,1991,787,2189,576,85,3,92,264,411,358,238,15,22,0.263,0.342,0.431,0.773
À¯¿µ¿ø,1969,1993,27,55,10,4,1,2,1,21,6,6,0,0,0.182,0.196,0.4,0.596
À¯¿µÈ¯,1969,1994,80,198,40,4,1,2,10,41,13,16,2,2,0.202,0.24,0.263,0.503
À¯Àç½Å,1987,2019,516,395,102,11,5,1,36,99,40,146,62,26,0.258,0.32,0.319,0.639
À¯Àç¿õ,1979,2012,392,753,185,42,1,21,72,194,95,84,2,6,0.246,0.312,0.388,0.699
À¯Á¦·æ,1956,1986,77,167,34,3,1,0,14,23,8,17,5,5,0.204,0.265,0.234,0.499
À¯ÁöÈ«,1962,1990,265,513,127,17,0,2,32,69,41,40,8,9,0.248,0.292,0.292,0.584
À¯ÁöÈÍ,1955,1988,630,1807,407,54,15,12,106,141,187,173,38,30,0.225,0.268,0.292,0.56
À¯Ãæµ¹,1967,1991,33,53,10,3,0,2,1,20,6,4,0,0,0.189,0.204,0.358,0.562
À¯ÇÊ¼±,1970,2001,179,329,78,16,2,6,34,92,31,54,4,6,0.237,0.309,0.353,0.661
À¯ÇÑÁØ,1981,2021,1650,5316,1606,284,6,151,594,728,883,717,35,20,0.302,0.372,0.443,0.815
À¯ÇØ´ö,1962,1988,61,47,7,1,0,0,4,7,1,10,3,3,0.149,0.216,0.17,0.386
À±±â¼ö,1971,1996,156,189,40,4,1,0,9,26,6,14,3,5,0.212,0.247,0.243,0.491
À±´ö±Ô,1963,1997,1275,4073,1161,192,48,47,368,490,438,480,73,55,0.285,0.344,0.39,0.735
À±µ¿±Õ,1949,1989,594,1963,560,98,21,38,287,194,277,263,41,22,0.285,0.376,0.415,0.791
À±º´È£,1989,2018,83,106,19,4,0,1,4,27,5,17,3,0,0.179,0.209,0.245,0.454
À±¼®¹Î,1985,2020,941,2821,805,137,4,103,226,462,466,372,13,10,0.285,0.338,0.446,0.785
À±¼ºÈÆ,1966,1992,151,229,40,8,1,0,18,45,15,21,6,2,0.175,0.235,0.218,0.453
À±¼ö°­,1990,2020,67,89,17,7,0,1,5,30,8,8,0,0,0.191,0.234,0.303,0.537
À±½Â±Õ,1983,2006,120,101,19,2,0,1,5,37,6,34,40,13,0.188,0.226,0.238,0.464
À±¿ä¼·,1982,2017,501,905,228,35,1,26,89,199,135,93,10,7,0.252,0.319,0.379,0.698
À±¿ëÇÏ,1968,1994,236,404,99,21,2,14,33,79,50,46,2,6,0.245,0.302,0.411,0.713
À±Àç±¹,1975,2009,714,1766,453,63,22,19,154,350,170,234,53,29,0.257,0.316,0.349,0.666
À±ÀçÈ£,1967,1996,617,1313,294,42,5,5,146,182,115,139,52,31,0.224,0.302,0.275,0.577
À±Á¤¿ì,1988,2018,126,144,33,8,0,3,8,38,15,34,15,3,0.229,0.27,0.347,0.617
À±ÁøÈ£,1986,2019,403,260,40,10,0,1,11,70,15,42,6,4,0.154,0.188,0.204,0.392
À±Âù,1967,1995,137,191,39,5,0,2,22,32,23,24,4,7,0.204,0.286,0.262,0.548
À±ÇØÁø,1989,2019,184,214,45,4,0,2,11,52,14,37,8,5,0.21,0.249,0.257,0.506
À±Çõ,1967,1995,199,519,136,25,2,2,59,64,42,57,11,3,0.262,0.337,0.329,0.667
À±Çö½Ä,1977,2004,88,50,4,0,0,0,3,12,1,9,0,1,0.08,0.132,0.08,0.212
À±ÇüÁØ,1994,2023,179,382,96,14,1,11,14,105,45,32,2,2,0.251,0.278,0.38,0.657
À±È«½Ä,1962,1987,47,57,13,4,1,0,1,15,1,8,2,3,0.228,0.241,0.333,0.575
ÀÌ°­µ·,1961,1997,1217,3979,1132,203,38,87,387,657,557,533,88,75,0.284,0.348,0.42,0.768
ÀÌ°Ç¿­,1963,1997,897,2401,576,72,4,30,189,383,251,266,55,34,0.24,0.295,0.311,0.606
ÀÌ°æº¹,1970,1998,372,677,164,31,2,7,40,59,81,56,2,3,0.242,0.285,0.325,0.609
ÀÌ°æ¼ö,1959,1982,32,59,11,3,1,0,2,8,3,9,1,0,0.186,0.213,0.271,0.484
ÀÌ°æÈ£,1973,1993,13,33,6,0,0,0,2,10,2,2,1,0,0.182,0.229,0.182,0.41
ÀÌ°è¼º,1977,2005,408,808,189,44,3,11,79,191,88,85,11,8,0.234,0.302,0.337,0.639
ÀÌ±¤±Ù,1962,1992,402,917,239,62,5,12,104,135,103,90,2,12,0.261,0.336,0.378,0.714
ÀÌ±¤±æ,1960,1992,567,1256,288,56,7,7,206,183,120,148,48,36,0.229,0.338,0.302,0.64
ÀÌ±¤Àº,1955,1991,922,3279,929,149,26,90,311,314,473,475,119,60,0.283,0.345,0.427,0.772
ÀÌ±Ù½Ä,1959,1986,253,477,111,16,1,1,34,47,41,46,10,4,0.233,0.284,0.277,0.56
ÀÌ±Ù¿±,1972,1999,408,787,150,20,1,5,52,163,42,59,20,14,0.191,0.241,0.238,0.478
ÀÌ´ë¼ö,1981,2018,1190,2860,736,131,21,35,224,523,299,328,43,29,0.257,0.311,0.355,0.666
ÀÌ´ëÁø,1974,2002,24,37,3,1,1,0,2,18,4,2,0,0,0.081,0.128,0.162,0.29
ÀÌ´ëÇü,1983,2019,1603,5083,1414,132,38,9,437,848,361,807,505,177,0.278,0.335,0.324,0.66
ÀÌ´ëÈ£,1982,2022,1971,7118,2199,331,6,374,745,1025,1425,972,11,11,0.309,0.374,0.515,0.889
ÀÌµµÇü,1975,2010,1155,3154,815,142,6,130,243,537,519,317,5,5,0.258,0.311,0.431,0.742
ÀÌµ¿¼ö,1973,2003,674,1813,487,82,9,89,224,522,328,257,8,5,0.269,0.349,0.471,0.82
ÀÌµ¿¿í,1974,2003,143,272,60,9,1,5,21,52,26,17,1,3,0.221,0.276,0.316,0.593
ÀÌµ¿Ã¤,1971,1994,58,80,12,0,0,0,3,22,5,8,1,1,0.15,0.181,0.15,0.331
ÀÌ¸¸¼ö,1958,1997,1449,4310,1276,193,7,252,554,490,860,624,52,48,0.296,0.376,0.519,0.896
ÀÌ¸í±â,1987,2024,1037,3624,1104,166,28,28,324,556,327,574,108,60,0.305,0.362,0.389,0.751
ÀÌ¸í¼ö,1966,2001,1221,3504,953,140,21,61,426,502,423,383,28,39,0.272,0.351,0.376,0.727
ÀÌ¹ÎÀç,1988,2015,35,44,9,1,0,0,1,12,4,6,0,1,0.205,0.222,0.227,0.449
ÀÌ¹ÎÈ£,1969,2000,556,1369,330,63,6,51,130,358,167,168,19,15,0.241,0.307,0.408,0.714
ÀÌ¹üÈ£,1981,2019,2001,6370,1727,334,12,329,863,1158,1127,954,49,29,0.271,0.358,0.482,0.84
ÀÌº´±Ô,1974,2016,1741,6571,2043,371,38,161,526,838,972,992,147,66,0.311,0.362,0.452,0.814
ÀÌº´±Ô,1983,2021,835,2232,621,117,11,75,398,615,366,344,30,24,0.278,0.387,0.441,0.829
ÀÌº´±Ô,1994,2023,31,55,11,1,1,0,2,15,7,10,1,0,0.2,0.228,0.255,0.483
ÀÌº´ÈÆ,1967,1996,516,1317,352,41,2,38,87,173,169,136,8,8,0.267,0.313,0.388,0.701
ÀÌº¸Çü,1972,1997,80,115,18,6,1,2,13,39,13,8,3,1,0.157,0.242,0.278,0.52
ÀÌº¹±Ù,1962,1991,267,448,94,20,2,6,41,124,45,37,2,5,0.21,0.276,0.304,0.58
ÀÌºÀ¿ì,1977,1998,158,140,23,5,1,2,3,30,8,18,7,3,0.164,0.182,0.257,0.439
ÀÌ»ó´ë,1967,1994,350,832,198,33,8,5,62,127,64,85,8,8,0.238,0.291,0.315,0.606
ÀÌ»óÈ£,1989,2023,775,1101,291,34,1,1,46,117,80,199,85,28,0.264,0.294,0.3,0.594
ÀÌ»óÈÆ,1987,2016,88,142,24,1,0,2,12,28,4,16,6,1,0.169,0.234,0.218,0.452
ÀÌ¼®±Ô,1957,1986,72,109,18,3,0,2,15,22,8,12,1,0,0.165,0.266,0.248,0.514
ÀÌ¼±¿õ,1961,1992,879,2633,666,102,7,23,233,250,282,223,35,25,0.253,0.314,0.323,0.637
ÀÌ¼º°ï,1992,2023,203,483,117,28,2,6,61,145,47,45,3,4,0.242,0.327,0.346,0.673
ÀÌ¼º±Ù,1962,1988,19,40,9,2,0,0,1,9,5,5,0,0,0.225,0.244,0.275,0.519
ÀÌ¼ºµæ,1953,1982,51,116,22,1,0,0,12,8,2,6,2,2,0.19,0.266,0.198,0.464
ÀÌ¼º¼ö,1960,1986,57,85,16,3,1,0,7,12,8,12,6,4,0.188,0.25,0.247,0.497
ÀÌ¼º¿­,1984,2021,1506,4134,1047,187,17,190,369,1359,698,588,63,40,0.253,0.314,0.445,0.759
ÀÌ¼º¿ì,1981,2021,620,821,182,27,0,7,46,137,75,62,4,0,0.222,0.263,0.28,0.543
ÀÌ¼øÃ¶,1961,1998,1388,4775,1252,217,30,145,544,689,612,768,371,145,0.262,0.338,0.411,0.749
ÀÌ¼þ¿ë,1971,2011,2001,6139,1727,330,22,162,767,865,857,783,62,54,0.281,0.361,0.421,0.783
ÀÌ½Â¿±,1976,2017,1906,7132,2156,464,28,467,953,1344,1498,1355,57,25,0.302,0.385,0.572,0.956
ÀÌ½ÂÀç,1983,2014,53,45,7,2,1,0,1,10,5,3,0,0,0.156,0.174,0.244,0.418
ÀÌ½ÂÁØ,1976,2006,131,233,53,10,0,11,18,89,27,23,2,0,0.227,0.283,0.412,0.695
ÀÌ½ÂÈñ,1959,1992,558,1311,338,48,22,17,126,233,120,163,35,26,0.258,0.323,0.367,0.69
ÀÌ½Ã¿Â,1975,2004,94,350,99,19,1,13,35,99,46,46,7,1,0.283,0.348,0.454,0.802
ÀÌ½Ã¿ø,1996,2023,256,345,69,3,0,1,13,68,13,58,11,6,0.2,0.229,0.217,0.446
ÀÌ½ÃÂù,1985,2015,313,448,99,12,1,1,31,85,36,72,43,10,0.221,0.271,0.259,0.53
ÀÌ¾ç±â,1981,2017,326,689,180,32,1,6,53,126,75,61,7,0,0.261,0.314,0.337,0.651
ÀÌ¿©»ó,1984,2016,478,994,223,39,4,14,76,265,110,103,35,11,0.224,0.279,0.314,0.593
ÀÌ¿¬¼ö,1963,1999,301,654,153,17,2,11,66,95,63,77,15,18,0.234,0.304,0.317,0.621
ÀÌ¿µ±¸,1954,1985,277,992,268,62,2,13,96,63,104,119,13,14,0.27,0.335,0.376,0.711
ÀÌ¿µ¼ö,1981,2010,61,107,23,6,0,2,16,15,15,10,0,0,0.215,0.317,0.327,0.644
ÀÌ¿µ¿ì,1973,2010,1312,4346,1275,272,33,135,562,723,533,735,112,81,0.293,0.374,0.464,0.839
ÀÌ¿µ¿í,1985,2018,535,955,232,40,7,12,104,264,104,173,73,23,0.243,0.317,0.337,0.654
ÀÌ¿ë¼®,1970,1993,64,124,27,6,0,1,4,27,10,6,0,2,0.218,0.242,0.29,0.533
ÀÌ¿ëÁÖ,1976,2002,96,116,23,2,0,1,12,21,6,14,0,0,0.198,0.273,0.241,0.515
ÀÌ¿ì¹Î,1982,2017,1003,1854,432,52,12,15,142,463,168,275,56,39,0.233,0.288,0.298,0.586
ÀÌ¿ì¼®,1975,2000,49,84,16,2,0,0,8,17,2,13,3,2,0.19,0.261,0.214,0.475
ÀÌ¿ì¼ö,1972,1996,286,575,127,22,4,4,23,116,44,54,2,5,0.221,0.251,0.294,0.545
ÀÌ¿ø¼®,1986,2024,1814,5474,1429,249,16,144,546,1051,791,650,25,26,0.261,0.328,0.391,0.719
ÀÌ¿øÀç,1989,2021,277,595,157,28,2,17,42,118,79,61,3,4,0.264,0.312,0.403,0.716
ÀÌÀ±¼·,1958,1982,23,31,6,2,0,1,2,10,5,3,0,0,0.194,0.242,0.355,0.597
ÀÌÀºÃÑ,1991,2015,11,35,6,1,0,0,1,7,3,3,0,0,0.171,0.194,0.2,0.394
ÀÌÀÎ±¸,1980,2013,347,840,206,33,7,10,79,169,74,114,27,12,0.245,0.31,0.337,0.647
ÀÌÀÎÇà,1991,2019,36,50,9,1,0,0,4,16,2,2,0,0,0.18,0.241,0.2,0.441
ÀÌÀÏÀÇ,1971,2003,74,124,30,5,0,1,10,29,8,13,0,1,0.242,0.299,0.306,0.605
ÀÌÀç¼º,1962,1991,112,152,31,4,2,0,19,42,10,23,4,3,0.204,0.292,0.257,0.549
ÀÌÀç¿ø,1999,2023,220,509,113,19,2,22,46,176,78,69,12,4,0.222,0.286,0.397,0.683
ÀÌÀçÀ²,1993,2021,165,102,20,4,1,0,3,26,6,47,25,5,0.196,0.219,0.255,0.474
ÀÌÀçÁÖ,1973,2009,981,2200,554,111,4,82,306,541,352,239,4,13,0.252,0.343,0.418,0.761
ÀÌÀüÁø,1972,1996,30,46,11,2,0,0,3,16,3,2,1,0,0.239,0.286,0.283,0.568
ÀÌÁ¤¹ü,1998,2023,41,99,23,4,0,3,9,23,14,12,0,0,0.232,0.296,0.364,0.66
ÀÌÁ¤½Ä,1981,2016,359,441,90,14,0,10,38,109,40,51,6,1,0.204,0.267,0.304,0.571
ÀÌÁ¤Àº,1962,1986,35,70,12,5,1,0,5,14,7,6,0,1,0.171,0.227,0.271,0.498
ÀÌÁ¤ÈÄ,1998,2023,884,3476,1181,244,43,65,383,304,515,581,69,23,0.34,0.405,0.491,0.896
ÀÌÁ¤ÈÆ,1963,1997,918,3072,918,153,37,66,312,246,353,515,151,55,0.299,0.363,0.437,0.801
ÀÌÁ¤ÈÆ,1994,2024,185,409,111,22,0,3,47,89,52,41,1,1,0.271,0.346,0.347,0.694
ÀÌÁ¾µµ,1952,1987,481,1284,344,69,6,28,154,188,176,174,50,15,0.268,0.346,0.396,0.743
ÀÌÁ¾µÎ,1962,1997,1054,3133,845,132,20,105,319,499,438,498,127,59,0.27,0.337,0.425,0.762
ÀÌÁ¾¹Î,1972,2002,796,1371,329,40,7,11,89,179,115,167,41,26,0.24,0.286,0.303,0.59
ÀÌÁ¾¹ü,1970,2011,1706,6060,1797,340,29,194,634,622,730,1100,510,113,0.297,0.363,0.458,0.821
ÀÌÁ¾¿­,1973,2009,1657,4748,1175,158,41,52,429,621,448,588,131,69,0.247,0.31,0.331,0.641
ÀÌÁ¾¿Á,1965,1992,26,42,10,1,1,0,2,14,0,7,0,1,0.238,0.273,0.31,0.582
ÀÌÁ¾¿í,1980,2018,1446,5081,1478,225,51,41,523,679,543,843,340,92,0.291,0.357,0.379,0.737
ÀÌÁ¾¿î,1966,1998,738,2132,580,72,34,9,108,282,213,258,98,34,0.272,0.307,0.35,0.658
ÀÌÁ¾È£,1967,1996,575,844,190,27,5,8,76,172,73,113,21,15,0.225,0.289,0.297,0.587
ÀÌÁ¾È¯,1986,2017,263,476,127,30,1,6,38,129,67,47,1,2,0.267,0.321,0.372,0.693
ÀÌÁÖÂù,1998,2024,20,31,4,1,0,1,1,14,2,7,0,0,0.129,0.156,0.258,0.414
ÀÌÁÖÇü,2002,2022,37,81,13,0,0,2,11,34,11,8,0,0,0.16,0.261,0.235,0.495
ÀÌÁØ¼ö,1988,2019,130,148,28,5,0,0,17,49,12,10,0,0,0.189,0.273,0.223,0.496
ÀÌÁØ¿ë,1974,1998,25,31,7,0,0,0,4,8,1,5,1,0,0.226,0.314,0.226,0.54
ÀÌÁØÈ£,1987,2013,172,317,71,14,4,0,32,64,25,29,4,4,0.224,0.295,0.293,0.589
ÀÌÁßÈ­,1964,1996,716,1678,437,61,16,7,132,132,147,256,90,41,0.26,0.314,0.328,0.643
ÀÌÁöÂù,1991,2015,34,39,9,2,0,0,2,6,4,4,2,0,0.231,0.268,0.282,0.55
ÀÌÁöÈ¯,1971,1998,126,248,48,8,0,5,9,59,21,19,0,2,0.194,0.222,0.286,0.508
ÀÌÁø¼®,1995,2016,47,45,9,1,1,0,2,20,2,7,0,1,0.2,0.234,0.267,0.501
ÀÌÁø¿µ,1980,2018,2160,6976,2125,367,33,169,745,906,979,979,112,77,0.305,0.372,0.439,0.811
ÀÌÂù¼±,1962,1982,22,56,3,0,0,0,1,11,3,2,0,0,0.054,0.07,0.054,0.124
ÀÌÃ¢¿­,1991,2019,41,37,7,3,1,0,4,11,5,9,1,0,0.189,0.268,0.324,0.593
ÀÌÃ¢¿ø,1963,1993,223,366,85,18,4,12,20,70,52,53,7,5,0.232,0.272,0.402,0.674
ÀÌÃ¢Áø,1991,2024,615,1568,418,79,6,21,224,316,183,245,29,20,0.267,0.358,0.365,0.723
ÀÌÃ¢ÈÆ,1981,2004,25,35,9,2,0,1,5,11,4,6,0,1,0.257,0.35,0.4,0.75
ÀÌÃµ¿õ,1988,2023,622,1953,564,88,9,18,220,300,211,291,58,39,0.289,0.361,0.371,0.732
ÀÌÃ¶¼º,1957,1986,108,254,62,12,1,0,20,16,19,22,3,6,0.244,0.299,0.299,0.598
ÀÌÅÂ¿ø,1986,2014,132,148,20,4,0,0,10,46,8,10,0,0,0.135,0.19,0.162,0.352
ÀÌÅÂÈ£,1983,2007,81,52,7,2,0,0,1,20,0,7,0,1,0.135,0.151,0.173,0.324
ÀÌÅÂÈÆ,1995,2023,25,32,6,1,0,0,2,14,0,3,0,0,0.188,0.235,0.219,0.454
ÀÌÅÃ±Ù,1980,2020,1651,5361,1621,299,12,136,591,726,773,851,175,73,0.302,0.372,0.439,0.81
ÀÌÇÐÁÖ,1990,2024,486,1183,276,48,6,23,105,337,116,154,29,15,0.233,0.296,0.342,0.638
ÀÌÇØ½Â,2000,2023,55,103,24,4,0,0,1,30,5,11,0,0,0.233,0.24,0.272,0.512
ÀÌÇØÃ¢,1953,1988,577,1873,508,88,19,32,225,239,182,317,144,81,0.271,0.349,0.39,0.739
ÀÌÇØÃ¢,1987,2022,428,883,198,33,0,28,49,220,112,83,2,12,0.224,0.265,0.357,0.622
ÀÌÇö°ï,1980,2014,1000,2672,726,140,6,23,221,388,267,289,39,22,0.272,0.327,0.354,0.682
ÀÌÇö¼®,1992,2022,122,212,44,7,0,7,9,73,29,16,1,0,0.208,0.24,0.34,0.579
ÀÌÇöÅÃ,1964,1992,210,484,118,23,0,13,63,80,60,72,17,9,0.244,0.331,0.372,0.703
ÀÌÈ£¼º,1967,2001,1090,3563,968,160,22,102,498,659,526,569,167,55,0.272,0.361,0.415,0.776
ÀÌÈ£½Å,1984,2017,188,165,24,5,1,0,11,55,10,22,8,4,0.145,0.199,0.188,0.387
ÀÌÈ£¿¬,1995,2024,208,469,117,16,2,5,29,93,34,51,7,3,0.249,0.293,0.324,0.617
ÀÌÈ£ÁØ,1976,2017,2053,6663,1880,346,17,337,795,1307,1265,943,59,52,0.282,0.359,0.491,0.85
ÀÌÈ«±¸,1990,2021,408,792,170,32,4,37,49,271,124,81,1,1,0.215,0.26,0.405,0.666
ÀÌÈ«¹ü,1953,1985,299,562,140,22,2,6,40,60,53,85,16,11,0.249,0.299,0.327,0.626
ÀÌÈ«½Ä,1964,1989,77,111,22,3,1,0,6,28,5,12,0,1,0.198,0.239,0.243,0.483
ÀÌÈï·Ã,1989,2023,455,747,174,30,2,15,50,188,101,86,3,1,0.233,0.281,0.339,0.62
ÀÌÈñ±Ù,1985,2014,289,429,88,8,2,2,27,101,37,44,5,2,0.205,0.252,0.247,0.499
ÀÌÈñ¼º,1966,1997,643,1680,401,58,19,11,144,250,118,198,82,49,0.239,0.299,0.315,0.614
ÀÓ°æÅÃ,1963,1992,150,228,55,7,4,0,24,31,27,18,3,0,0.241,0.313,0.307,0.621
ÀÓ¼º¹Î,1982,2005,47,56,13,2,0,1,6,14,3,12,0,0,0.232,0.306,0.321,0.628
ÀÓ¼º¿ì,1968,1993,54,60,15,3,0,0,5,14,2,4,1,0,0.25,0.308,0.3,0.608
ÀÓ¼ºÁÖ,1965,1996,28,45,10,2,1,0,4,10,6,2,0,0,0.222,0.286,0.311,0.597
ÀÓ¼ö¹Î,1973,2006,790,2013,485,105,4,54,186,409,258,236,11,18,0.241,0.305,0.378,0.683
ÀÓ¼öÇõ,1969,2000,488,1296,345,53,8,47,157,234,257,148,7,8,0.266,0.345,0.428,0.774
ÀÓÀÍÁØ,1988,2017,153,181,39,2,0,0,11,43,9,27,7,6,0.215,0.26,0.227,0.487
ÀÓÀçÃ¶,1976,2015,1139,2333,610,97,18,30,283,450,231,358,69,32,0.261,0.341,0.357,0.698
ÀÓÁ¤¸é,1958,1988,163,291,66,8,1,2,25,38,15,33,6,5,0.227,0.288,0.282,0.57
ÀÓÁÖÅÃ,1968,2002,854,1408,350,65,7,54,119,299,204,173,12,14,0.249,0.307,0.42,0.727
ÀÓÃ¤¿µ,1971,1996,83,130,21,9,1,1,3,18,10,5,0,2,0.162,0.18,0.269,0.45
ÀÓÇü¼®,1968,1997,627,1928,476,78,14,48,192,397,242,222,26,26,0.247,0.315,0.377,0.692
ÀÓÈÆ,1985,2018,670,1680,452,59,14,7,156,299,149,229,36,25,0.269,0.331,0.333,0.664
À×±Û¸°,1975,2002,78,248,70,18,0,6,23,47,36,33,0,1,0.282,0.343,0.427,0.771
Àå±¤È£,1967,2001,650,1387,297,59,1,25,102,243,132,131,5,17,0.214,0.268,0.312,0.58
Àå±³¼º,1977,2006,139,174,31,3,3,1,8,45,9,16,2,6,0.178,0.214,0.247,0.461
Àå¹Î¼®,1982,2017,742,2130,535,72,22,16,174,396,177,324,126,52,0.251,0.308,0.328,0.636
Àå¼º±¹,1974,2002,36,33,4,2,0,0,2,10,2,2,0,0,0.121,0.171,0.182,0.353
Àå¼ºÈ£,1977,2015,2064,7084,2100,394,18,221,1101,879,1043,1108,99,59,0.296,0.391,0.451,0.842
Àå½ÃÀ±,1993,2018,34,41,10,0,0,0,3,11,2,7,0,1,0.244,0.295,0.244,0.539
Àå¿µ±Õ,1976,2003,56,44,8,4,0,0,5,20,3,7,0,0,0.182,0.265,0.273,0.538
Àå¿µ¼®,1990,2020,434,1080,248,54,1,33,99,291,160,127,1,1,0.23,0.294,0.373,0.667
Àå¿ë´ë,1974,2001,116,176,36,6,0,5,10,60,21,16,0,0,0.205,0.247,0.324,0.571
Àå¿îÈ£,1994,2023,338,727,173,24,1,5,74,172,78,88,9,13,0.238,0.308,0.294,0.603
Àå¿øÁø,1969,2007,1500,4734,1342,193,25,51,387,560,505,612,58,45,0.283,0.338,0.367,0.705
ÀåÀÏÇö,1976,2005,411,854,222,37,1,12,69,124,90,102,9,5,0.26,0.315,0.348,0.663
ÀåÀçÁß,1971,2003,596,1207,264,34,9,14,86,193,104,119,19,10,0.219,0.271,0.297,0.567
ÀåÁ¤±â,1958,1985,150,308,69,16,1,4,39,36,30,50,11,3,0.224,0.311,0.321,0.633
ÀåÁ¤¼®,1973,2003,580,818,176,32,2,7,70,181,75,105,19,11,0.215,0.277,0.285,0.562
ÀåÁ¾ÈÆ,1968,2005,1952,6292,1771,331,25,340,866,1355,1145,1043,123,80,0.281,0.368,0.504,0.873
ÀåÁö½Â,1998,2023,27,64,11,1,0,1,7,24,5,7,2,0,0.172,0.254,0.234,0.488
ÀåÁø¹ü,1959,1987,144,214,49,9,0,0,7,25,22,18,4,4,0.229,0.253,0.271,0.524
ÀåÃ¤±Ù,1964,1995,734,1979,452,74,0,97,240,368,285,237,6,7,0.228,0.312,0.413,0.725
ÀåÅÂ¼ö,1957,1992,1004,2532,692,110,20,48,331,322,291,428,151,72,0.273,0.357,0.389,0.747
ÀåÈ£ÀÍ,1965,1989,38,68,10,0,0,0,2,6,2,4,0,0,0.147,0.171,0.147,0.318
ÀåÈ¿Á¶,1956,1992,964,3050,1008,156,36,54,506,289,437,485,110,60,0.33,0.426,0.458,0.884
Àü±ÙÇ¥,1977,2010,406,759,187,33,1,29,116,210,89,99,1,4,0.246,0.346,0.407,0.753
Àü´ë¿µ,1962,1994,585,1292,351,54,6,52,147,231,220,149,12,5,0.272,0.346,0.443,0.79
Àü¹Î¼ö,1989,2022,335,631,166,37,1,7,59,142,68,74,9,4,0.263,0.326,0.358,0.684
ÀüºÀ¼®,1968,1997,78,67,8,2,0,0,4,28,1,2,0,0,0.119,0.169,0.149,0.318
Àü»ó·Ä,1972,2008,1197,2630,640,99,21,23,198,434,221,399,114,42,0.243,0.296,0.323,0.62
Àü¼ºÃ¶,1969,1995,93,122,17,6,0,0,3,20,2,13,3,1,0.139,0.16,0.189,0.349
ÀüÀÇ»ê,2000,2024,167,432,92,21,1,18,44,139,69,50,0,3,0.213,0.286,0.391,0.677
ÀüÁ¾È­,1965,1997,358,521,117,19,2,12,41,116,60,52,8,4,0.225,0.281,0.338,0.619
ÀüÁØÈ£,1969,2009,2091,6928,2018,214,100,42,861,844,577,1171,549,217,0.291,0.37,0.369,0.739
ÀüÇöÅÂ,1986,2015,236,304,55,6,1,8,52,114,35,70,33,13,0.181,0.301,0.286,0.587
ÀüÇüµµ,1971,2001,388,447,89,15,2,6,39,89,34,101,32,16,0.199,0.263,0.282,0.545
Á¤°æ¹è,1974,2009,1322,3991,1062,203,10,100,314,754,522,525,70,57,0.266,0.32,0.397,0.717
Á¤°æ¿î,1993,2018,68,121,26,2,1,1,9,31,9,9,2,0,0.215,0.269,0.273,0.542
Á¤°æÈÆ,1972,1999,704,1476,360,53,10,10,170,248,135,270,182,52,0.244,0.322,0.314,0.636
Á¤±¸¼±,1956,1990,769,2574,644,92,5,84,365,284,316,308,18,20,0.25,0.343,0.388,0.731
Á¤±¸¿Õ,1954,1986,294,712,166,11,4,4,41,87,49,69,34,24,0.233,0.275,0.277,0.552
Á¤±¹Çå,1964,1990,48,61,10,2,0,1,2,19,4,6,3,0,0.164,0.19,0.246,0.436
Á¤±Ù¿ì,1982,2020,1747,6219,1877,319,34,121,665,731,722,1072,371,133,0.302,0.369,0.422,0.792
Á¤±âÃ¢,1970,1998,177,370,87,7,4,13,27,96,44,41,11,8,0.235,0.287,0.381,0.668
Á¤±âÈÆ,1995,2020,29,31,5,2,0,0,3,15,2,9,0,1,0.161,0.235,0.226,0.461
Á¤´ë¼±,2004,2024,22,42,6,1,0,0,2,10,6,5,0,0,0.143,0.182,0.167,0.348
Á¤¹®¼·,1960,1985,76,136,25,3,0,4,16,36,13,13,0,2,0.184,0.27,0.294,0.564
Á¤¹®¾ð,1962,1992,192,552,158,42,3,13,60,96,57,59,2,11,0.286,0.356,0.444,0.8
Á¤¹Î±Ô,2003,2022,15,39,5,1,0,0,1,17,0,4,0,0,0.128,0.15,0.154,0.304
Á¤¹ü¸ð,1987,2022,485,943,196,47,0,19,80,262,96,85,13,10,0.208,0.27,0.318,0.588
Á¤º´°ï,1988,2019,165,197,39,2,1,2,9,52,20,36,1,0,0.198,0.233,0.249,0.482
Á¤º¸¸í,1980,2013,439,1189,322,66,6,9,94,236,137,112,11,14,0.271,0.324,0.359,0.683
Á¤»ï·æ,1965,1992,71,138,25,3,0,5,12,25,13,13,0,1,0.181,0.247,0.312,0.558
Á¤»óÁø,1964,1992,165,323,73,13,1,1,17,37,29,22,6,2,0.226,0.265,0.282,0.546
Á¤»óÈ£,1982,2021,1154,2453,600,126,3,73,184,697,346,285,3,14,0.245,0.297,0.388,0.685
Á¤¼º·æ,1964,1995,533,1015,231,46,1,27,158,206,125,117,9,5,0.228,0.332,0.355,0.686
Á¤¼ºÈÆ,1980,2018,2223,7359,2159,396,23,174,813,1054,997,1040,130,64,0.293,0.364,0.424,0.788
Á¤¼ö±Ù,1977,2009,1544,5329,1493,230,50,24,621,608,450,866,474,156,0.28,0.355,0.356,0.711
Á¤¼ö¼º,1978,2013,722,1071,258,34,10,7,73,237,58,212,127,40,0.241,0.289,0.311,0.6
Á¤¿µ±Ô,1970,2001,655,1719,440,84,15,45,173,362,180,214,12,29,0.256,0.324,0.401,0.725
Á¤¿µ±â,1956,1990,743,1963,472,57,10,8,144,211,162,172,25,21,0.24,0.292,0.292,0.584
Á¤¿µÁø,1965,1993,189,345,72,20,2,0,47,86,16,30,3,3,0.209,0.304,0.278,0.582
Á¤¿ø¹è,1973,2000,46,73,17,3,0,1,3,17,7,7,1,0,0.233,0.263,0.315,0.578
Á¤¿ø¼®,1977,2012,542,971,250,36,7,16,95,233,104,138,38,25,0.257,0.324,0.358,0.682
Á¤Àº¿ø,2000,2024,747,2474,637,98,19,32,376,495,230,356,57,29,0.257,0.355,0.351,0.707
Á¤ÀÇÀ±,1986,2021,1369,4060,1127,185,13,119,268,641,563,457,29,21,0.278,0.322,0.417,0.74
Á¤ÀÎ±³,1957,1987,48,58,8,1,0,0,4,10,4,3,0,0,0.138,0.194,0.155,0.349
Á¤ÀçÈ£,1967,1990,29,55,14,6,0,0,3,11,4,6,0,1,0.255,0.293,0.364,0.657
Á¤Á¾Çö,1959,1987,151,271,60,8,2,11,20,34,31,32,1,4,0.221,0.275,0.387,0.662
Á¤ÁÖÇö,1990,2023,762,1653,392,68,12,18,170,383,153,260,68,35,0.237,0.308,0.325,0.634
Á¤ÁØ¿µ,2004,2024,77,110,28,4,0,0,11,27,9,15,0,0,0.255,0.322,0.291,0.613
Á¤Áø±â,1992,2022,400,803,183,25,4,23,42,200,94,119,29,7,0.228,0.266,0.355,0.621
Á¤Áø½Ä,1971,2001,93,106,25,5,0,1,6,26,5,13,1,1,0.236,0.277,0.311,0.588
Á¤ÁøÈ£,1956,1990,452,1035,261,43,4,6,103,142,89,110,25,25,0.252,0.32,0.319,0.639
Á¤ÁøÈ£,1988,2021,635,1278,334,54,8,14,121,216,134,215,45,20,0.261,0.325,0.349,0.674
Á¤ÇÐ¼ö,1956,1989,356,1052,283,52,6,6,141,92,92,137,28,20,0.269,0.355,0.347,0.702
Á¤ÇÐ¿ø,1968,1995,68,146,32,3,2,0,10,32,20,8,2,1,0.219,0.269,0.267,0.536
Á¤ÇõÁø,1960,1983,97,217,52,8,1,3,7,29,25,19,3,2,0.24,0.263,0.327,0.591
Á¤Çö,1994,2021,386,758,186,37,4,11,61,179,66,95,8,6,0.245,0.302,0.348,0.65
Á¤Çö¹ß,1953,1988,476,1202,313,59,4,46,161,204,187,158,15,19,0.26,0.348,0.431,0.779
Á¤Çö¼®,1984,2017,378,858,225,36,1,12,78,152,71,110,8,10,0.262,0.324,0.348,0.672
Á¤ÇöÅÃ,1980,2001,55,86,22,1,1,2,8,19,8,11,1,0,0.256,0.319,0.36,0.68
Á¤Çü½Ä,1991,2014,350,734,176,36,8,9,86,147,73,114,37,19,0.24,0.32,0.347,0.667
Á¤È£Áø,1974,1998,80,137,28,5,0,0,9,15,8,14,1,0,0.204,0.253,0.241,0.494
Á¤È¸¿­,1968,1999,621,1501,369,58,4,36,99,216,200,146,7,15,0.246,0.292,0.362,0.654
Á¤Èñ»ó,1982,2010,74,132,27,5,1,2,12,41,9,15,4,0,0.205,0.271,0.303,0.574
Á¦·¯µå,1995,2024,38,144,47,16,1,10,21,35,39,29,4,0,0.326,0.412,0.66,1.072
Á¶°æÅÃ,1970,2003,770,1295,299,59,3,15,135,286,112,123,7,12,0.231,0.303,0.316,0.619
Á¶°æÈ¯,1972,2007,897,2622,683,141,10,131,274,781,444,350,12,19,0.26,0.33,0.472,0.802
Á¶±ÔÃ¶,1969,1999,249,222,45,6,3,1,13,70,20,41,18,6,0.203,0.247,0.27,0.517
Á¶³²±â,1974,1999,25,37,10,2,0,0,3,6,5,5,0,0,0.27,0.325,0.324,0.649
Á¶µ¿Âù,1983,2018,1171,3360,867,156,6,92,311,784,426,470,150,29,0.258,0.321,0.39,0.711
Á¶µ¿È­,1981,2016,1189,2940,736,73,30,9,297,583,232,449,191,50,0.25,0.319,0.305,0.624
Á¶¹Î¼º,2003,2023,27,42,10,2,0,1,2,13,8,4,1,1,0.238,0.273,0.357,0.63
Á¶¹üÇö,1960,1992,620,1091,219,38,5,12,64,179,107,103,15,15,0.201,0.245,0.278,0.523
Á¶»óÇå,1964,1989,30,52,11,2,0,0,1,10,2,8,2,2,0.212,0.226,0.25,0.476
Á¶¼º¿Á,1961,1995,920,2148,532,78,17,5,229,218,210,227,38,43,0.248,0.32,0.307,0.627
Á¶¼º¿ì,1988,2014,57,100,20,0,0,4,10,23,11,18,6,1,0.2,0.273,0.32,0.593
Á¶¼ºÈ¯,1976,2014,1032,3077,874,167,7,44,259,492,329,459,116,33,0.284,0.34,0.386,0.725
Á¶¼Á,1991,2019,55,197,54,3,0,9,14,46,36,17,0,1,0.274,0.322,0.426,0.749
Á¶½¬º§,1986,2014,63,240,64,8,1,10,30,56,39,33,3,0,0.267,0.348,0.433,0.781
Á¶½ÂÇö,1978,2005,70,103,20,2,0,4,4,34,11,7,1,0,0.194,0.224,0.33,0.554
Á¶¾ç±Ù,1964,1994,534,1189,276,35,8,6,96,163,92,143,51,25,0.232,0.289,0.29,0.58
Á¶¿µÈÆ,1982,2017,855,1786,459,94,6,47,189,442,258,219,35,17,0.257,0.328,0.395,0.723
Á¶¿ëÈ£,1965,1993,361,843,246,30,6,6,94,149,60,132,24,31,0.292,0.363,0.363,0.726
Á¶¿ëÈ£,1989,2024,696,2013,553,67,9,3,269,364,173,286,52,24,0.275,0.36,0.321,0.682
Á¶¿ø¿ì,1971,2008,1368,4220,1190,164,25,68,335,538,443,586,123,53,0.282,0.335,0.381,0.716
Á¶À¯½Å,1975,2000,74,111,22,4,1,1,11,32,6,13,1,0,0.198,0.27,0.279,0.55
Á¶À±ÁØ,1989,2017,81,130,26,1,1,0,3,32,17,10,0,0,0.2,0.218,0.223,0.441
Á¶À±Ã¤,1977,2004,94,113,28,4,0,1,16,30,3,38,5,4,0.248,0.341,0.31,0.651
Á¶ÀÎ¼º,1975,2017,1948,5351,1348,248,10,186,359,1055,801,576,13,16,0.252,0.299,0.406,0.705
Á¶ÀÎ½Å,1980,2005,49,41,6,2,0,0,2,9,2,6,1,0,0.146,0.186,0.195,0.381
Á¶ÀçÈ£,1980,2012,382,509,111,20,3,5,54,104,53,56,6,8,0.218,0.293,0.299,0.592
Á¶ÀçÈ¯,1964,1990,218,505,120,12,0,1,53,48,15,47,4,5,0.238,0.31,0.267,0.577
Á¶Á¤±Ç,1976,2003,127,132,26,2,0,1,9,23,9,14,1,0,0.197,0.248,0.235,0.483
Á¶Á¤¿ø,1990,2015,65,104,16,1,1,0,8,24,8,7,4,1,0.154,0.214,0.183,0.397
Á¶Á¾±Ô,1955,1984,53,48,3,0,0,1,5,16,1,2,1,0,0.062,0.151,0.125,0.276
Á¶Áß±Ù,1982,2015,421,727,167,23,3,15,45,188,85,69,10,5,0.23,0.275,0.331,0.606
Á¶Ãæ¿­,1959,1990,569,1163,251,35,4,3,71,118,66,104,15,11,0.216,0.261,0.261,0.521
Á¶ÆòÈ£,1985,2017,118,184,41,11,0,4,17,56,16,25,1,1,0.223,0.289,0.348,0.636
Á¶ÇÊÇö,1971,1994,111,178,31,5,3,0,21,56,11,21,10,7,0.174,0.261,0.236,0.497
Á¶ÇÑ¹Î,2000,2021,77,177,36,10,2,5,13,79,20,22,3,2,0.203,0.258,0.367,0.625
Á¶Çö,1976,2002,243,543,126,18,4,14,47,134,65,67,5,3,0.232,0.293,0.357,0.65
Á¶Çö¼ö,1979,2005,222,462,116,24,0,6,30,104,46,47,2,3,0.251,0.297,0.342,0.639
Á¶È£,1957,1985,77,66,15,2,0,0,6,16,4,11,4,2,0.227,0.292,0.258,0.549
Á¶È«¼®,1990,2019,116,191,37,9,2,0,18,53,10,27,3,5,0.194,0.263,0.262,0.525
Á¶È«ÁØ,1977,2000,27,35,4,1,0,1,2,18,3,3,0,0,0.114,0.162,0.229,0.391
Á¶È¿»ó,1974,2005,198,204,41,16,2,1,10,74,17,30,3,2,0.201,0.238,0.314,0.552
Á¶Èï¿î,1954,1986,291,774,187,33,8,5,59,106,71,100,71,29,0.242,0.295,0.324,0.62
Á¸°¥,1978,2006,43,107,26,6,0,0,15,12,10,10,0,2,0.243,0.336,0.299,0.635
ÁÖ°æ¾÷,1968,1993,58,110,22,3,0,0,9,16,8,9,1,0,0.2,0.261,0.227,0.488
ÁÖ¼º¿ø,2000,2024,52,124,26,3,1,1,7,36,7,14,0,0,0.21,0.252,0.274,0.526
ÁÖÇö»ó,1992,2024,122,222,47,7,0,0,21,47,12,18,2,0,0.212,0.28,0.243,0.523
ÁÖÈ¿»ó,1997,2023,256,391,75,15,1,2,36,139,37,33,1,2,0.192,0.26,0.251,0.511
Áö¼®ÈÆ,1984,2021,1207,2538,569,121,10,47,210,633,285,283,12,14,0.224,0.283,0.335,0.619
Áö½ÂÁØ,1977,1999,60,54,13,0,0,0,4,8,4,8,1,0,0.241,0.293,0.241,0.534
Áö½Ã¿Ï,1994,2023,324,679,166,30,0,19,54,199,85,69,1,0,0.244,0.3,0.373,0.673
ÁöÀç¿Á,1988,2016,54,73,9,1,0,2,15,22,4,6,1,0,0.123,0.273,0.219,0.492
ÁöÈ­µ¿,1967,1994,404,806,167,32,2,3,57,132,68,104,36,21,0.207,0.26,0.263,0.523
ÁöÈ­¼±,1970,1997,229,546,145,29,4,2,41,71,42,57,12,9,0.266,0.317,0.344,0.661
Áø°©¿ë,1974,2015,1823,5242,1445,234,8,154,473,720,753,567,13,15,0.276,0.336,0.411,0.747
Áø»óºÀ,1965,1997,399,813,199,30,4,27,129,159,105,117,12,12,0.245,0.348,0.391,0.739
Â÷µ¿¿­,1956,1991,433,960,207,25,3,9,80,153,84,84,12,7,0.216,0.276,0.276,0.552
Â÷»ó¿í,1972,1996,87,89,15,1,1,0,10,20,5,9,7,3,0.169,0.253,0.202,0.455
Â÷¿µÈ­,1957,1989,532,1236,290,33,4,2,90,100,75,136,80,41,0.235,0.287,0.273,0.559
Â÷ÀÏ¸ñ,1981,2017,900,1942,454,66,2,25,267,372,233,221,14,17,0.234,0.326,0.308,0.635
Â÷È­ÁØ,1986,2013,220,324,73,12,3,1,22,81,16,46,9,5,0.225,0.275,0.29,0.565
Ã¤»óº´,1979,2012,411,942,200,35,6,18,44,190,100,92,3,3,0.212,0.247,0.32,0.567
Ã¤Á¾±¹,1975,2008,659,1343,318,54,1,22,88,213,128,169,8,16,0.237,0.284,0.328,0.611
Ã¤Á¾¹ü,1977,2010,681,2108,553,94,10,50,191,305,246,279,25,33,0.262,0.324,0.388,0.711
Ã¤ÅÂÀÎ,1982,2020,1241,3905,1162,213,9,127,416,974,678,481,8,9,0.298,0.365,0.454,0.819
Ãµº¸¼º,1953,1984,174,444,106,22,1,8,47,41,55,56,10,5,0.239,0.312,0.347,0.658
ÃÊÀÌ½º,1989,2018,142,525,144,27,1,34,50,128,103,92,2,1,0.274,0.337,0.524,0.861
ÃÖ°æ¸ð,1996,2024,193,144,32,3,0,0,9,32,6,36,10,3,0.222,0.268,0.243,0.511
ÃÖ°æÃ¶,1980,2017,560,925,195,32,3,10,68,252,89,95,8,5,0.211,0.265,0.284,0.549
ÃÖ°æÈ¯,1972,2009,810,2075,549,95,12,32,164,333,222,266,59,25,0.265,0.318,0.368,0.687
ÃÖ°è¿µ,1963,1993,594,1391,351,54,15,7,175,118,117,187,57,34,0.252,0.336,0.328,0.664
ÃÖ±ÔÇÏ,1970,1996,40,35,5,1,0,0,2,11,1,5,1,1,0.143,0.189,0.171,0.361
ÃÖ±â¹®,1973,2009,1075,2595,681,124,17,35,216,322,270,307,46,30,0.262,0.319,0.364,0.683
ÃÖ±æ¼º,1978,2007,170,388,88,20,2,7,45,99,44,33,5,0,0.227,0.307,0.343,0.65
ÃÖ´ÞÈ£,1969,1992,27,52,10,3,0,1,4,15,3,1,1,1,0.192,0.25,0.308,0.558
ÃÖµ¿¼ö,1971,2013,1293,3332,894,160,4,90,297,547,502,340,9,13,0.268,0.328,0.4,0.728
ÃÖµ¿Ã¢,1965,1994,372,780,194,36,4,19,123,178,95,88,4,5,0.249,0.351,0.378,0.729
ÃÖ¸¸È£,1974,2009,669,973,217,41,6,18,67,268,96,140,30,19,0.223,0.273,0.333,0.606
ÃÖ¹«¿µ,1962,1989,66,98,17,3,0,2,9,18,7,11,2,2,0.173,0.243,0.265,0.508
ÃÖ¹ÎÃ¢,1996,2024,27,39,9,0,0,0,3,9,2,4,0,1,0.231,0.286,0.231,0.516
ÃÖº¸¼º,1998,2023,22,31,8,0,0,0,2,7,1,2,0,1,0.258,0.303,0.258,0.561
ÃÖ¼±È£,1991,2019,110,74,11,2,0,0,3,24,4,20,4,2,0.149,0.182,0.176,0.357
ÃÖ¼øÇÏ,1955,1982,38,82,17,0,0,0,10,8,5,5,0,0,0.207,0.293,0.207,0.501
ÃÖ½ÂÁØ,1988,2020,182,459,110,15,0,31,49,163,82,54,0,0,0.24,0.313,0.475,0.788
ÃÖ½ÂÈ¯,1978,2013,318,559,122,22,0,13,51,122,64,52,1,0,0.218,0.284,0.327,0.611
ÃÖ¿µ¼ú,1972,1994,37,38,5,0,0,0,5,6,3,6,5,3,0.132,0.233,0.132,0.364
ÃÖ¿µÁ¶,1963,1982,25,32,5,0,0,0,5,11,1,1,1,0,0.156,0.27,0.156,0.427
ÃÖ¿µÁø,1988,2022,370,730,186,34,5,14,54,146,77,85,12,10,0.255,0.306,0.373,0.679
ÃÖ¿µÈ¯,1959,1989,135,255,50,7,3,4,18,47,25,22,0,2,0.196,0.249,0.294,0.543
ÃÖ¿ë±Ô,1985,2015,162,293,62,5,3,3,21,80,24,39,18,13,0.212,0.264,0.28,0.544
ÃÖ¿ëÁ¦,1991,2022,112,157,44,3,1,0,16,31,25,16,0,0,0.28,0.347,0.312,0.659
ÃÖÀ±¼®,1987,2019,324,529,109,11,1,2,92,129,33,70,17,12,0.206,0.324,0.242,0.566
ÃÖÀÍ¼º,1972,2005,621,1686,450,83,6,60,200,304,216,309,85,23,0.267,0.345,0.43,0.775
ÃÖÀç·æ,1964,1991,29,38,11,3,0,1,0,5,6,5,0,2,0.289,0.289,0.447,0.737
ÃÖÀç¿ø,1990,2020,271,360,87,17,1,7,46,103,44,76,22,10,0.242,0.328,0.353,0.68
ÃÖÁ¤±â,1956,1983,29,32,9,3,0,1,2,8,8,4,0,1,0.281,0.324,0.469,0.792
ÃÖÁ¤¹Î,1989,2021,230,290,85,7,1,2,21,85,23,67,12,10,0.293,0.341,0.345,0.686
ÃÖÁ¤¿ì,1955,1984,108,141,24,2,1,0,13,29,7,21,6,2,0.17,0.24,0.199,0.439
ÃÖÁØ¼®,1983,2018,1564,4613,1270,177,5,201,677,1079,881,543,10,8,0.275,0.368,0.447,0.815
ÃÖÁØÈ£,1966,1993,30,61,11,2,0,0,5,11,3,3,2,0,0.18,0.242,0.213,0.456
ÃÖÁøÇà,1985,2020,1104,3356,886,169,1,152,416,952,551,428,17,20,0.264,0.345,0.451,0.796
ÃÖÃ¶¹Î,1972,1997,48,102,28,5,1,1,5,25,13,19,0,1,0.275,0.308,0.373,0.681
ÃÖÅÂ¿ø,1970,2003,1284,4231,1133,176,14,24,398,468,344,565,130,72,0.268,0.331,0.333,0.664
ÃÖÇØ¸í,1964,1993,240,542,141,32,2,3,57,61,55,58,8,5,0.26,0.331,0.343,0.674
ÃÖÇØ½Ä,1968,2000,681,1729,375,61,2,17,145,301,165,154,3,17,0.217,0.277,0.284,0.561
ÃÖÇöÁ¾,1985,2008,18,32,4,1,0,0,4,9,1,2,0,1,0.125,0.222,0.156,0.378
ÃÖÇüÇö,1972,1997,47,42,7,0,0,0,3,7,3,2,1,2,0.167,0.222,0.167,0.389
ÃÖÈ«¼®,1960,1991,312,611,146,22,0,8,40,97,62,42,2,0,0.239,0.286,0.314,0.6
ÃÖÈÆ¶ô,1982,2013,141,172,35,6,0,2,7,56,13,25,4,4,0.203,0.235,0.273,0.508
ÃÖÈÆÀç,1967,2001,1056,2606,677,148,19,62,285,329,368,327,23,22,0.26,0.333,0.403,0.735
ÃÖÈñ¼·,1979,2015,634,2131,598,115,4,100,365,515,393,327,16,14,0.281,0.386,0.479,0.865
ÃÖÈñÃ¢,1975,1998,36,47,8,1,0,1,4,19,3,2,0,0,0.17,0.235,0.255,0.491
Ãß¼º°Ç,1970,2001,392,594,147,18,4,17,89,165,74,96,22,6,0.247,0.346,0.377,0.723
Ãß½Â¿ì,1979,2014,503,1151,278,37,8,5,114,252,91,160,60,17,0.242,0.31,0.301,0.61
Ãß½Å¼ö,1982,2024,439,1505,396,70,5,54,276,370,205,266,51,19,0.263,0.377,0.424,0.801
Ä¡¸á¸®½º,1967,1998,118,409,114,22,0,17,29,58,63,48,1,3,0.279,0.326,0.457,0.784
Ä«³¯¸®,1965,1999,17,38,7,0,0,1,2,4,3,2,0,0,0.184,0.225,0.263,0.488
Ä«ÆæÅÍ,1968,2000,39,142,40,7,0,5,13,32,32,23,5,2,0.282,0.342,0.437,0.779
Ä­Åõ,1982,2014,111,376,116,25,1,18,34,85,72,56,1,0,0.309,0.366,0.524,0.89
Ä³¼¼·¹½º,1964,1999,175,576,144,21,3,5,34,66,53,61,20,9,0.25,0.292,0.323,0.615
Äî½¼,1969,2003,43,151,33,2,1,8,19,44,25,20,2,1,0.219,0.306,0.404,0.71
Äð¹Ù,1966,1998,115,410,130,27,1,26,51,102,97,68,2,3,0.317,0.393,0.578,0.971
Äð¹Ù,1972,2003,44,149,32,6,0,10,12,46,24,15,0,0,0.215,0.273,0.456,0.73
Äý¶õ,1968,2002,269,922,215,36,3,65,88,343,157,140,2,5,0.233,0.3,0.49,0.79
Å©·¹ÀÍ,1994,2021,61,222,55,12,0,6,20,43,30,25,0,1,0.248,0.31,0.383,0.693
Å©·Ð,1993,2022,67,243,54,13,1,11,9,68,35,21,0,0,0.222,0.25,0.42,0.67
Å©·çÁî,1973,2008,164,574,178,38,0,24,89,98,106,89,2,0,0.31,0.403,0.502,0.904
Å¬¶ô,1976,2010,342,1305,349,65,9,58,171,235,219,239,60,20,0.267,0.352,0.464,0.817
Å¬¸®¾î,1973,2006,203,686,199,37,4,22,69,145,86,101,25,9,0.29,0.355,0.452,0.807
Å¸¹Ù·¹½º,1971,2001,120,482,144,21,3,4,37,58,58,63,41,15,0.299,0.349,0.38,0.728
ÅÍÄ¿,1990,2021,364,1367,388,97,1,50,175,177,222,192,0,2,0.284,0.365,0.466,0.831
ÅÍÅ©¸Õ,1990,2022,144,575,166,37,4,12,64,104,43,88,19,11,0.289,0.36,0.43,0.79
Å×ÀÌÅÒ,1967,2000,20,72,21,4,1,4,10,12,10,12,0,0,0.292,0.378,0.542,0.92
Å×ÀÓÁî,1986,2016,390,1351,472,102,14,124,235,293,382,343,64,14,0.349,0.446,0.721,1.167
ÆÄ·¹µð½º,1988,2018,21,65,9,2,1,1,4,17,4,7,1,0,0.138,0.188,0.246,0.435
ÆÈÄ«,1991,2020,51,196,41,7,0,8,18,58,23,17,2,0,0.209,0.276,0.367,0.643
Æä°Ô·Î,1987,2019,52,199,57,10,0,9,12,63,44,24,2,1,0.286,0.327,0.472,0.799
Æä¶óÀÚ,1998,2024,122,455,125,24,0,24,63,129,70,75,7,5,0.275,0.363,0.486,0.849
Æä·¹Áî,1969,2007,222,860,263,39,0,35,44,100,144,113,10,10,0.306,0.34,0.473,0.813
Æä·¹Áî,1991,2021,59,224,60,15,1,5,17,52,33,26,4,5,0.268,0.32,0.411,0.73
Æä¸£³­µ¥½º,1974,2002,132,499,140,24,0,45,49,114,107,81,4,4,0.281,0.345,0.599,0.944
Æä¸£³­µ¥½º,1988,2022,568,2206,723,115,0,57,219,176,351,316,1,5,0.328,0.388,0.457,0.846
ÆäÅ¸Áö´Ï,1971,2009,183,604,204,33,1,33,137,96,135,91,3,0,0.338,0.46,0.56,1.02
Æç·Î¿ì,1973,2005,109,398,113,15,1,23,30,84,69,56,3,4,0.284,0.334,0.5,0.834
Æç¸¯½º,1967,1999,130,459,121,24,1,19,52,123,79,69,1,1,0.264,0.339,0.444,0.783
Æè¹öÆ°,1969,2002,75,271,69,13,1,11,23,56,48,28,2,1,0.255,0.313,0.432,0.745
Æ÷Á¶,1973,2000,39,122,26,3,0,1,6,17,8,11,1,0,0.213,0.25,0.262,0.512
Æø½º,1982,2015,38,108,30,4,0,7,8,27,25,16,0,0,0.278,0.328,0.509,0.837
Æú,1969,2002,113,397,111,18,2,18,35,115,64,48,3,2,0.28,0.338,0.471,0.809
Ç®¸®¾ö,1967,2000,91,288,77,13,1,16,27,55,55,46,2,2,0.267,0.33,0.486,0.816
ÇÁ¶ûÄÚ,1961,2000,132,477,156,19,1,22,63,86,110,79,12,5,0.327,0.406,0.509,0.915
ÇÁ·©Å¬¸°,1972,2003,87,288,72,13,1,24,59,109,58,54,10,4,0.25,0.378,0.552,0.93
ÇÁ·¹ÀÌÅ¸½º,1989,2021,43,139,36,10,0,2,7,29,14,13,0,0,0.259,0.295,0.374,0.669
ÇÇ·¼¶ó,1989,2023,420,1671,509,86,7,73,154,239,286,270,30,15,0.305,0.363,0.496,0.859
ÇÇ¾î½¼,1974,1999,129,502,145,12,0,31,47,85,108,67,0,1,0.289,0.35,0.498,0.848
ÇÇ¿¡,1985,2014,119,445,145,33,2,17,41,60,92,61,9,11,0.326,0.383,0.524,0.906
ÇÇÄ¿¸µ,1976,2006,60,212,59,11,0,9,31,62,34,23,2,0,0.278,0.37,0.458,0.828
ÇÇÅÍ½º,1995,2022,85,316,72,16,0,13,26,77,48,32,7,4,0.228,0.287,0.402,0.688
ÇÊ,1984,2016,367,1397,442,99,2,61,98,209,253,216,34,14,0.316,0.361,0.521,0.882
ÇÊ¸³½º,1970,2001,66,230,60,10,0,15,25,62,46,37,1,0,0.261,0.333,0.5,0.833
ÇÏµæÀÎ,1966,1997,326,679,161,35,2,11,60,88,95,59,8,5,0.237,0.299,0.343,0.642
ÇÏÁØÈ£,1989,2023,326,726,169,32,1,14,70,236,72,111,32,13,0.233,0.3,0.337,0.638
ÇÏÃáµ¿,1977,2002,60,80,15,1,1,0,4,26,7,15,0,2,0.188,0.226,0.225,0.451
ÇÑ±Ô½Ä,1976,2007,335,562,124,17,2,3,51,128,39,73,2,2,0.221,0.285,0.274,0.56
ÇÑ±âÃ¶,1969,1997,249,188,49,10,2,3,14,46,20,47,20,17,0.261,0.312,0.383,0.695
ÇÑ³ªÇÑ,1980,2015,32,107,35,9,0,4,12,31,22,17,0,0,0.327,0.395,0.523,0.918
ÇÑ´ëÈ­,1960,1997,1335,4264,1190,199,21,163,608,567,712,610,79,53,0.279,0.369,0.45,0.819
ÇÑµ¿Èñ,1999,2024,661,2093,548,108,1,59,208,438,270,226,2,8,0.262,0.329,0.399,0.728
ÇÑ¹®¿¬,1961,1992,664,1490,381,68,4,14,144,123,165,119,8,11,0.256,0.321,0.335,0.656
ÇÑ»óÈÆ,1980,2015,1043,2539,606,100,14,12,296,489,216,303,52,37,0.239,0.318,0.303,0.621
ÇÑ¼º±¸,1988,2012,17,30,11,4,0,0,2,7,4,1,0,0,0.367,0.406,0.5,0.906
ÇÑ¿µÁØ,1962,1996,1009,2838,717,126,17,48,400,345,314,385,93,62,0.253,0.345,0.36,0.705
ÇÑÀ±¼·,1985,2012,81,50,6,1,1,0,4,9,4,14,6,1,0.12,0.185,0.18,0.365
ÇÑÇõ¼ö,1970,1995,136,209,38,7,0,2,18,39,7,16,0,3,0.182,0.247,0.244,0.491
ÇÔ¼®¿ø,1975,1998,62,64,11,3,0,0,2,23,5,6,2,2,0.172,0.197,0.219,0.416
ÇÔÇÐ¼ö,1955,1987,483,1330,344,59,7,32,83,153,185,186,44,17,0.259,0.302,0.386,0.688
ÇØÁñº£ÀÌÄ¿,1987,2019,11,41,6,2,0,2,4,18,5,5,1,1,0.146,0.222,0.341,0.564
ÇØÃ³,1969,2002,25,68,11,1,0,1,2,22,5,6,0,0,0.162,0.186,0.221,0.406
Çã°üÈ¸,1999,2023,54,95,18,2,0,0,14,32,3,8,1,0,0.189,0.294,0.211,0.504
Çã±Ô¿Á,1956,1992,842,2506,705,97,37,21,221,358,225,375,158,69,0.281,0.34,0.375,0.714
ÇãµµÈ¯,1984,2024,885,1515,316,75,2,13,126,444,142,134,2,6,0.209,0.269,0.286,0.556
Çã¹®È¸,1972,2003,523,1018,274,37,2,20,76,140,129,87,9,11,0.269,0.32,0.368,0.688
Çã½Â¹Î,1986,2010,120,93,14,3,1,0,6,25,3,14,10,4,0.151,0.202,0.204,0.406
Çã¿î,1959,1984,77,192,44,4,0,2,7,28,12,17,0,0,0.229,0.256,0.281,0.538
Çã¿õ,1983,2015,50,73,18,3,0,0,4,16,7,7,1,0,0.247,0.286,0.288,0.573
ÇãÀ¯½Å,1973,1998,38,59,10,2,0,0,3,14,6,3,2,1,0.169,0.21,0.203,0.413
ÇãÀÏ,1992,2020,142,251,58,8,0,2,21,62,23,20,2,1,0.231,0.29,0.287,0.577
ÇãÀÏ»ó,1979,2009,129,193,43,10,1,2,12,31,13,16,0,1,0.223,0.268,0.316,0.584
ÇãÁ¤Çù,1990,2021,302,702,172,24,0,19,81,192,95,93,1,2,0.245,0.323,0.36,0.684
ÇãÁØ,1970,2004,1001,2151,474,71,6,19,144,269,188,213,23,25,0.22,0.269,0.285,0.555
ÇãÁØ,1981,2014,263,308,63,11,1,4,21,100,33,22,0,2,0.205,0.255,0.286,0.541
Çì¾î,1967,1998,29,68,14,3,0,0,4,25,3,3,0,0,0.206,0.25,0.25,0.5
Çö³²¼ö,1965,1991,112,143,30,4,1,0,9,21,7,19,4,4,0.21,0.257,0.252,0.508
ÇöÀçÀ±,1979,2014,461,912,211,42,3,11,67,115,87,96,10,11,0.231,0.284,0.32,0.604
È£¼¼,1965,2007,394,1330,411,74,5,95,304,286,314,247,22,9,0.309,0.438,0.586,1.024
È£À×,1989,2021,368,1388,383,88,5,63,124,269,249,203,55,21,0.276,0.335,0.483,0.818
È¥Áî,1970,2000,23,82,26,6,1,1,7,14,10,8,0,0,0.317,0.371,0.451,0.822
È¦,1969,1999,116,414,101,12,3,4,34,68,23,73,47,11,0.244,0.301,0.316,0.618
È«¸íÂù,1987,2015,35,42,8,1,0,0,2,12,2,3,0,0,0.19,0.227,0.214,0.442
È«¹®Á¾,1954,1990,694,2434,672,121,23,43,281,225,258,338,161,84,0.276,0.351,0.398,0.749
È«¼º°©,1992,2018,66,88,19,0,1,0,3,31,10,5,1,0,0.216,0.242,0.239,0.48
È«¼ºÈ£,1997,2024,48,80,21,6,0,0,4,28,6,9,1,1,0.262,0.298,0.338,0.635
È«¼ºÈç,1977,2016,1957,6789,2046,323,12,208,645,1018,1120,872,85,49,0.301,0.362,0.444,0.806
È«¼¼¿Ï,1978,2010,817,2853,774,134,4,90,288,396,431,366,41,32,0.271,0.338,0.416,0.754
È«¼ø±â,1967,1994,19,36,4,1,0,0,6,11,3,1,0,2,0.111,0.238,0.139,0.377
È«½Â±Ô,1960,1990,502,1199,303,46,5,18,115,167,98,173,39,36,0.253,0.318,0.344,0.663
È«½ÅÂ÷,1959,1985,111,184,52,7,0,4,16,19,28,14,1,2,0.283,0.34,0.386,0.726
È«¿ø±â,1973,2007,1043,2308,566,98,6,48,248,468,284,261,11,12,0.245,0.318,0.355,0.674
È«ÀçÈ£,1987,2019,285,398,79,15,0,5,41,80,35,59,3,2,0.198,0.273,0.274,0.547
È«Çö¿ì,1972,2005,1483,4886,1344,267,19,188,752,863,762,765,164,68,0.275,0.372,0.453,0.825
È­ÀÌÆ®,1969,2000,74,294,89,17,1,11,25,60,53,33,4,3,0.303,0.357,0.48,0.837
È²´ë¿¬,1967,1996,552,1321,299,58,4,41,125,285,177,161,12,10,0.226,0.293,0.369,0.663
È²´ëÀÎ,1996,2024,379,1131,280,52,1,39,94,263,191,108,0,0,0.248,0.305,0.399,0.704
È²µ¿Ã¤,1983,2015,368,525,118,14,2,0,56,135,29,88,11,6,0.225,0.299,0.259,0.559
È²¸ñÄ¡½Â,1985,2017,154,185,46,6,2,0,4,34,18,45,8,4,0.249,0.265,0.303,0.567
È²º´ÀÏ,1960,1990,372,676,149,26,5,9,64,124,64,67,16,16,0.22,0.288,0.314,0.601
È²¼±ÀÏ,1987,2015,72,119,21,6,1,0,9,30,11,9,1,0,0.176,0.234,0.244,0.478
È²¼º°ü,1974,2001,213,373,101,15,2,0,29,57,27,57,18,8,0.271,0.323,0.322,0.645
È²¼º±â,1977,2002,69,79,16,1,0,2,2,21,7,7,0,0,0.203,0.222,0.291,0.513
È²¿ì±¸,1976,2004,377,726,173,38,4,7,75,131,74,70,6,6,0.238,0.31,0.331,0.64
È²À±¼º,1974,2005,258,451,102,22,4,11,45,107,53,46,5,5,0.226,0.296,0.366,0.662
È²À±ÅÂ,1963,1989,57,44,4,1,0,0,4,8,2,11,1,1,0.091,0.167,0.114,0.28
È²À±È£,1993,2021,249,299,69,9,3,1,11,41,20,44,7,4,0.231,0.258,0.291,0.549
È²ÀÏ±Ç,1969,1997,139,254,48,8,0,3,19,72,16,19,4,1,0.189,0.245,0.256,0.501
È²Á¤¸³,1989,2013,39,92,18,2,0,2,20,28,13,12,0,0,0.196,0.339,0.283,0.622
È²Áø¼ö,1989,2019,132,179,40,8,2,2,14,60,17,29,7,1,0.223,0.28,0.324,0.604
È÷¸Þ³×½º,1982,2014,80,260,82,15,0,14,41,57,61,42,0,2,0.315,0.409,0.535,0.943
È÷¸Þ³×½º,1988,2017,256,983,298,59,3,44,64,134,178,167,29,16,0.303,0.346,0.504,0.849
Èú¸®,1992,2021,67,249,64,11,1,7,16,58,37,27,2,1,0.257,0.302,0.394,0.695
