name,birth_year,G,AB,R,H,2B,3B,HR,RBI,SB,CS,BB,SO,retire_year,AVG,OBP,SLG,OPS
가르시아,1975,469,1697,257,447,85,5,105,347,15,12,187,422,2011,0.263,0.337,0.505,0.842
가르시아,1985,50,183,27,62,9,0,8,34,5,0,9,25,2018,0.339,0.37,0.519,0.889
가르시아,1993,39,136,21,28,6,1,4,19,4,1,19,40,2022,0.206,0.303,0.353,0.656
가코,1981,58,189,21,46,8,0,1,28,0,1,22,34,2011,0.243,0.322,0.302,0.624
강경학,1992,516,1167,185,277,36,12,13,104,14,11,162,304,2021,0.237,0.33,0.322,0.653
강귀태,1979,816,1833,176,468,76,4,31,215,9,12,124,262,2012,0.255,0.303,0.352,0.654
강규철,1974,51,52,6,9,0,0,1,3,0,1,1,8,2001,0.173,0.189,0.231,0.419
강기웅,1964,671,2287,328,667,94,18,61,304,111,42,175,209,1996,0.292,0.342,0.429,0.771
강대호,1974,40,60,5,11,1,0,1,7,0,1,7,25,1998,0.183,0.269,0.25,0.519
강동우,1974,1427,4613,687,1247,199,32,75,456,133,58,556,611,2013,0.27,0.349,0.376,0.725
강두곤,1969,74,72,11,12,3,0,0,4,2,0,4,12,1995,0.167,0.211,0.208,0.419
강로한,1992,164,350,53,78,15,6,6,30,9,3,19,137,2022,0.223,0.263,0.351,0.614
강명구,1980,581,297,153,57,7,2,1,26,111,24,25,62,2014,0.192,0.255,0.239,0.494
강민국,1992,197,275,32,63,6,1,1,22,2,1,19,54,2022,0.229,0.279,0.269,0.548
강민규,1975,129,185,26,38,5,2,3,22,8,4,12,51,2001,0.205,0.254,0.303,0.557
강병식,1977,761,1305,147,308,56,5,39,174,11,12,166,305,2012,0.236,0.322,0.376,0.698
강봉규,1978,909,1991,320,522,99,10,49,262,63,19,269,410,2015,0.262,0.35,0.396,0.746
강상원,1997,75,57,15,7,1,0,0,3,4,0,10,18,2022,0.123,0.254,0.14,0.394
강석천,1967,1458,4833,670,1342,246,31,93,542,192,95,371,684,2003,0.278,0.329,0.399,0.728
강성우,1970,959,1787,130,407,61,8,6,167,9,10,102,252,2005,0.228,0.269,0.281,0.55
강영수,1965,831,2092,274,464,82,9,86,311,18,14,329,524,1998,0.222,0.328,0.393,0.72
강영수,1973,35,72,7,16,5,0,1,3,2,0,2,15,1996,0.222,0.243,0.333,0.577
강인권,1972,710,1252,114,305,41,2,8,119,7,12,160,264,2006,0.244,0.329,0.299,0.628
강정길,1962,1039,2871,302,765,134,9,52,387,27,32,351,362,1995,0.266,0.346,0.374,0.72
강정남,1960,26,50,5,5,3,0,0,2,0,0,2,13,1984,0.1,0.135,0.16,0.295
강정호,1987,902,3070,470,916,193,10,139,545,51,28,387,601,2014,0.298,0.377,0.504,0.88
강종필,1967,426,564,111,136,16,3,15,54,39,15,55,148,1997,0.241,0.309,0.36,0.668
강지광,1990,56,88,13,18,2,0,1,9,1,3,13,35,2018,0.205,0.307,0.261,0.568
강진규,1968,36,51,6,6,0,0,0,1,0,0,2,10,1992,0.118,0.151,0.118,0.269
강태윤,1965,125,209,11,52,5,0,2,18,0,2,22,39,1995,0.249,0.32,0.301,0.622
강태율,1996,65,81,3,10,2,0,3,10,0,1,13,25,2024,0.123,0.245,0.259,0.504
강한울,1991,847,2162,276,576,67,18,2,159,43,27,154,422,2024,0.266,0.315,0.317,0.632
강혁,1974,428,930,99,232,45,0,18,115,2,7,85,141,2007,0.249,0.312,0.356,0.668
강형석,1968,241,395,45,88,17,6,5,41,10,3,35,71,1997,0.223,0.286,0.334,0.62
강효섭,1973,41,40,2,8,0,0,0,1,3,0,2,7,1996,0.2,0.238,0.2,0.438
계기범,1970,76,159,19,37,4,1,2,16,4,3,6,40,1997,0.233,0.261,0.308,0.569
고기성,1970,255,331,36,71,12,2,3,28,6,6,30,78,1998,0.215,0.28,0.29,0.57
고동진,1980,820,2296,311,572,97,7,21,201,62,34,214,428,2015,0.249,0.313,0.325,0.638
고메즈,1988,117,456,74,129,31,0,21,62,16,8,25,87,2016,0.283,0.32,0.489,0.809
고영민,1984,879,2306,427,581,100,15,46,292,133,47,278,553,2016,0.252,0.332,0.368,0.701
고원부,1962,594,1881,239,526,71,9,37,245,52,33,229,159,1992,0.28,0.358,0.386,0.744
고장혁,1990,291,239,61,45,10,1,1,15,12,8,12,64,2020,0.188,0.227,0.251,0.478
고정식,1965,76,122,12,30,4,0,0,5,1,0,9,17,1993,0.246,0.298,0.279,0.576
고종욱,1989,1060,3159,480,955,163,36,47,397,128,60,170,661,2024,0.302,0.338,0.421,0.759
고지행,1978,119,320,43,86,9,0,6,35,9,5,21,79,2005,0.269,0.314,0.353,0.667
공민규,1999,77,117,5,23,2,1,4,12,0,0,10,50,2024,0.197,0.26,0.333,0.593
공봉구,1967,48,104,11,23,7,1,0,8,2,1,17,16,1991,0.221,0.331,0.308,0.638
공유선,1974,13,34,1,7,1,0,1,3,0,0,3,9,1994,0.206,0.27,0.324,0.594
공의식,1970,168,313,35,60,12,2,12,42,10,7,48,108,1997,0.192,0.299,0.358,0.657
공필성,1967,1184,3061,363,760,151,26,41,346,106,46,276,581,2000,0.248,0.31,0.355,0.665
곽권희,1966,159,275,35,63,12,1,5,27,4,4,28,60,1992,0.229,0.3,0.335,0.635
곽동열,1955,42,47,7,14,3,0,1,4,0,0,1,10,1989,0.298,0.312,0.426,0.738
곽연수,1967,300,648,47,140,27,4,8,61,1,4,48,94,1994,0.216,0.27,0.307,0.577
구드럼,1992,50,173,16,51,14,1,0,28,0,0,23,46,2023,0.295,0.378,0.387,0.765
구윤,1963,399,971,101,240,49,2,13,104,21,23,75,260,1994,0.247,0.301,0.342,0.643
구재서,1963,247,33,61,4,1,0,0,2,10,7,2,5,1989,0.121,0.171,0.152,0.323
구천서,1963,840,1864,269,455,61,16,22,177,75,37,245,330,1993,0.244,0.332,0.329,0.661
구한성,1970,161,230,27,45,4,0,6,21,1,0,26,51,1998,0.196,0.277,0.291,0.569
국해성,1989,220,424,65,101,22,0,11,67,3,2,44,110,2023,0.238,0.31,0.368,0.678
권도영,1981,166,259,29,62,13,1,1,18,1,2,24,59,2010,0.239,0.304,0.309,0.613
권두조,1951,588,1603,149,352,53,9,1,112,24,31,157,159,1987,0.22,0.289,0.266,0.555
권민석,1999,105,69,17,16,4,0,0,8,1,0,4,24,2023,0.232,0.274,0.29,0.564
권영진,1984,35,41,1,7,0,0,1,3,0,0,1,5,2012,0.171,0.19,0.244,0.434
권오성,1970,119,180,13,34,5,0,2,19,0,0,15,51,1999,0.189,0.251,0.25,0.501
권오영,1970,41,66,6,12,2,0,1,9,0,0,1,19,1999,0.182,0.194,0.258,0.452
권오현,1978,103,144,17,26,10,1,1,3,6,2,6,42,2003,0.181,0.213,0.285,0.498
권용관,1976,1325,3070,348,698,102,28,47,300,62,37,198,730,2016,0.227,0.274,0.325,0.599
권재광,1971,64,100,8,14,2,0,1,8,1,0,6,26,1996,0.14,0.189,0.19,0.379
권정웅,1992,75,110,12,22,3,0,6,11,0,0,9,31,2021,0.2,0.261,0.391,0.651
권준헌,1971,485,1322,127,338,59,5,17,133,26,18,87,250,2004,0.256,0.302,0.346,0.648
금광옥,1956,413,1164,113,273,47,4,29,125,6,8,105,169,1988,0.235,0.298,0.357,0.654
길홍규,1965,365,591,55,150,17,0,8,66,8,6,50,97,1996,0.254,0.312,0.323,0.635
김갑중,1970,224,437,42,108,20,4,4,41,6,9,25,79,1999,0.247,0.288,0.339,0.627
김강,1988,30,51,2,15,3,0,0,5,0,0,5,13,2011,0.294,0.357,0.353,0.71
김강민,1982,1960,5440,810,1487,266,24,139,681,209,108,484,1135,2024,0.273,0.333,0.408,0.74
김건우,1963,150,459,50,117,18,1,13,60,3,0,34,86,1993,0.255,0.306,0.383,0.69
김경갑,1960,105,179,14,43,5,0,6,26,1,0,19,32,1987,0.24,0.313,0.369,0.682
김경기,1968,1182,4020,515,1106,206,13,138,598,42,39,449,615,2001,0.275,0.348,0.436,0.784
김경남,1959,360,852,71,178,33,8,7,61,6,5,47,120,1988,0.209,0.25,0.291,0.541
김경문,1958,703,1493,120,329,59,2,6,126,17,19,89,150,1991,0.22,0.264,0.275,0.539
김경언,1982,1183,2973,385,805,144,18,55,393,56,42,374,657,2017,0.271,0.352,0.387,0.739
김경진,1976,201,279,42,58,10,0,5,25,1,1,19,63,2007,0.208,0.258,0.297,0.556
김경표,1960,245,413,45,97,12,4,3,36,16,8,50,68,1989,0.235,0.317,0.305,0.623
김경하,1970,157,248,26,53,8,3,3,21,4,1,19,43,1996,0.214,0.27,0.306,0.576
김경호,1995,88,131,21,35,4,1,0,11,1,4,3,23,2020,0.267,0.284,0.313,0.597
김경훈,1957,30,35,3,3,1,0,0,1,1,0,5,9,1982,0.086,0.2,0.114,0.314
김광림,1961,1638,4761,619,1358,194,50,35,432,170,101,480,537,1999,0.285,0.351,0.369,0.72
김광수,1959,1046,3456,434,859,115,13,27,306,190,101,393,267,1992,0.249,0.325,0.313,0.638
김광현,1971,77,127,10,30,9,3,0,10,1,0,12,36,1999,0.236,0.302,0.354,0.656
김구길,1953,32,64,1,13,1,0,0,2,1,1,3,15,1982,0.203,0.239,0.219,0.458
김규민,1993,266,642,98,169,19,5,7,72,11,8,55,187,2020,0.263,0.321,0.341,0.662
김근석,1962,395,1020,92,258,45,0,14,98,8,14,57,107,1988,0.253,0.292,0.338,0.631
김기태,1969,1544,4975,816,1465,299,27,249,923,83,66,948,862,2005,0.294,0.407,0.516,0.923
김기홍,1970,89,164,13,39,8,0,1,14,3,2,5,22,1993,0.238,0.26,0.305,0.565
김기환,1995,139,255,46,55,13,3,3,19,29,6,21,83,2022,0.216,0.275,0.325,0.601
김다원,1985,283,542,67,132,24,1,13,55,4,2,32,157,2016,0.244,0.286,0.363,0.649
김대륙,1992,179,156,15,23,3,2,0,8,0,1,14,54,2017,0.147,0.218,0.192,0.41
김대우,1984,147,325,34,69,18,3,7,42,8,4,41,131,2020,0.212,0.301,0.351,0.651
김대익,1973,1193,3372,481,910,177,24,45,332,102,67,315,573,2007,0.27,0.332,0.377,0.709
김대진,1955,275,568,61,135,17,2,8,46,5,2,52,77,1987,0.238,0.302,0.317,0.619
김대한,2000,164,267,37,49,10,2,6,25,4,5,23,83,2024,0.184,0.248,0.303,0.552
김도환,2000,130,185,10,35,10,0,2,17,0,1,16,73,2024,0.189,0.254,0.276,0.529
김동건,1982,76,98,8,16,1,1,2,7,0,0,6,31,2013,0.163,0.212,0.255,0.467
김동기,1964,1019,3101,422,812,166,9,108,435,34,34,414,583,1996,0.262,0.349,0.426,0.774
김동수,1968,2039,5915,741,1556,286,28,202,871,56,48,661,821,2009,0.263,0.337,0.423,0.76
김동엽,1990,657,2028,260,543,88,2,92,316,24,17,114,435,2024,0.268,0.307,0.449,0.756
김동욱,1988,142,311,42,77,12,0,7,32,2,1,24,78,2018,0.248,0.301,0.354,0.655
김동은,1990,55,85,9,26,2,0,0,5,4,1,12,20,2016,0.306,0.392,0.329,0.721
김동재,1960,585,1326,166,347,63,8,30,166,27,26,106,176,1993,0.262,0.316,0.389,0.705
김동주,1976,1625,5540,851,1710,293,12,273,1097,48,27,814,794,2013,0.309,0.397,0.514,0.911
김동진,1996,79,163,19,37,8,0,1,10,3,0,12,38,2024,0.227,0.28,0.294,0.574
김동한,1988,374,542,90,132,37,1,6,48,32,11,42,89,2020,0.244,0.298,0.349,0.647
김만후,1964,202,538,64,139,23,3,8,59,12,3,50,57,1992,0.258,0.321,0.357,0.678
김명구,1961,122,94,6,16,0,0,1,5,2,1,9,15,1988,0.17,0.243,0.202,0.445
김명성,1961,92,134,16,23,3,1,0,7,2,6,15,21,1986,0.172,0.255,0.209,0.464
김무관,1955,123,326,35,65,12,0,1,20,6,7,26,45,1985,0.199,0.259,0.245,0.504
김무종,1954,445,1357,137,326,62,6,41,192,4,11,115,187,1988,0.24,0.3,0.385,0.685
김문영,1960,192,283,24,53,10,0,1,19,4,4,16,47,1988,0.187,0.231,0.233,0.464
김문호,1987,703,1946,251,548,98,8,20,208,46,34,205,387,2020,0.282,0.35,0.371,0.721
김미호,1967,170,257,28,59,12,1,0,13,9,3,15,51,1997,0.23,0.272,0.284,0.556
김민수,1991,160,248,25,49,8,0,4,27,0,0,13,68,2024,0.198,0.238,0.278,0.516
김민식,1989,866,1981,239,448,66,8,25,224,11,6,240,399,2024,0.226,0.31,0.305,0.615
김민우,1979,704,1886,254,464,86,8,32,183,83,26,229,457,2016,0.246,0.328,0.351,0.679
김민재,1973,2113,6088,696,1503,244,29,71,607,174,90,473,739,2009,0.247,0.301,0.331,0.633
김민철,1982,333,393,57,87,10,5,0,29,15,10,26,82,2006,0.221,0.27,0.272,0.542
김민하,1989,370,668,101,160,35,1,11,75,27,13,60,218,2021,0.24,0.302,0.344,0.647
김민호,1961,1208,3778,488,1050,221,27,106,606,64,29,491,561,1996,0.278,0.361,0.435,0.796
김민호,1969,1112,3400,472,838,132,25,29,277,232,62,262,576,2003,0.246,0.3,0.326,0.626
김바위,1955,679,1688,196,409,79,6,48,241,22,16,240,269,1991,0.242,0.337,0.382,0.718
김범석,2004,80,189,17,42,5,0,7,28,0,0,15,54,2024,0.222,0.279,0.36,0.639
김병두,1972,60,78,10,15,0,0,0,3,0,0,10,20,1993,0.192,0.284,0.192,0.476
김병수,1964,98,201,29,49,12,2,4,29,1,1,23,39,1991,0.244,0.321,0.383,0.705
김병조,1969,298,442,70,112,23,3,7,47,11,10,31,79,1997,0.253,0.302,0.367,0.669
김병철,1972,23,36,4,9,2,0,0,3,0,2,2,4,1997,0.25,0.289,0.306,0.595
김병휘,2001,52,91,12,15,4,0,1,4,0,0,7,37,2024,0.165,0.224,0.242,0.466
김병희,1990,113,162,28,34,5,0,7,21,3,3,21,54,2023,0.21,0.301,0.37,0.671
김봉기,1953,145,81,36,20,2,1,0,11,5,6,6,13,1987,0.247,0.299,0.296,0.595
김봉연,1952,630,2145,311,596,84,8,110,334,24,18,241,187,1988,0.278,0.351,0.478,0.829
김사훈,1987,173,226,15,48,9,0,0,22,1,0,14,65,2019,0.212,0.258,0.252,0.511
김상국,1963,1094,2663,270,673,102,16,57,334,36,26,295,327,1997,0.253,0.327,0.367,0.695
김상우,1966,131,215,26,50,8,1,4,25,6,2,16,34,1994,0.233,0.286,0.335,0.621
김상재,1968,143,361,42,81,11,0,10,43,11,11,26,75,1994,0.224,0.276,0.338,0.614
김상현,1980,1082,3411,465,874,159,10,158,570,54,25,324,857,2016,0.256,0.321,0.448,0.768
김상호,1965,1229,4193,581,1112,196,24,136,624,118,64,452,832,2000,0.265,0.337,0.421,0.757
김상호,1989,227,523,52,140,26,1,7,66,3,4,57,122,2017,0.268,0.34,0.361,0.701
김상훈,1960,1143,4100,449,1181,210,31,72,572,50,25,356,455,1995,0.288,0.345,0.407,0.752
김상훈,1977,1388,3882,376,941,154,3,67,458,16,16,332,684,2014,0.242,0.302,0.335,0.637
김석연,1968,71,93,8,18,3,1,0,9,0,2,2,25,1993,0.194,0.211,0.247,0.458
김석일,1959,225,402,41,94,13,3,6,35,8,5,55,64,1987,0.234,0.326,0.326,0.652
김선섭,1973,84,55,13,7,1,0,0,2,1,4,3,19,2000,0.127,0.172,0.145,0.318
김선일,1965,461,985,93,201,25,6,3,84,27,11,39,108,1996,0.204,0.234,0.251,0.485
김선진,1967,816,1942,277,501,64,24,33,222,82,33,177,278,2000,0.258,0.32,0.367,0.687
김성갑,1962,942,2416,296,567,90,11,14,218,78,47,263,298,1995,0.235,0.31,0.298,0.608
김성관,1952,171,499,56,124,25,5,8,61,25,10,34,45,1984,0.248,0.296,0.367,0.663
김성규,1965,358,837,94,202,18,6,1,49,16,17,89,116,1993,0.241,0.314,0.281,0.595
김성래,1961,1279,3633,490,1008,171,10,147,595,24,23,502,620,2000,0.277,0.365,0.451,0.817
김성수,1962,43,49,2,7,2,0,0,0,1,1,2,8,1989,0.143,0.176,0.184,0.36
김성열,1969,35,39,5,6,0,0,0,1,2,1,8,11,1994,0.154,0.298,0.154,0.452
김성일,1967,162,210,32,36,6,1,1,9,13,10,13,20,1992,0.171,0.22,0.224,0.444
김성태,1971,71,153,13,33,6,1,0,18,4,3,11,27,1997,0.216,0.268,0.268,0.536
김성표,1994,71,43,16,9,0,0,0,1,5,1,6,14,2022,0.209,0.306,0.209,0.515
김성한,1958,1336,4850,762,1389,247,14,207,782,143,67,483,696,1995,0.286,0.351,0.471,0.822
김성현,1963,626,1491,156,381,49,12,35,199,16,13,118,265,1998,0.256,0.31,0.375,0.685
김성호,1955,36,32,1,5,1,0,0,0,0,0,4,7,1987,0.156,0.25,0.188,0.438
김성호,1960,159,247,28,47,6,1,3,17,12,5,14,42,1985,0.19,0.234,0.259,0.493
김성훈,1993,222,413,65,107,14,6,1,47,20,11,35,50,2019,0.259,0.317,0.329,0.646
김수관,1975,100,131,10,24,4,0,1,12,1,1,8,35,2002,0.183,0.23,0.237,0.467
김수길,1963,132,187,20,42,8,0,3,15,4,1,14,40,1990,0.225,0.279,0.316,0.594
김수연,1977,841,1578,254,393,41,10,2,71,127,51,137,289,2008,0.249,0.309,0.292,0.601
김수환,1998,131,292,32,57,13,0,8,36,0,0,35,115,2024,0.195,0.281,0.322,0.603
김승관,1976,220,351,34,75,20,0,3,33,0,2,48,82,2007,0.214,0.308,0.296,0.605
김승권,1976,443,619,85,143,41,0,13,72,3,4,17,133,2006,0.231,0.252,0.36,0.612
김시앙,2001,52,95,8,19,1,0,0,7,0,0,4,27,2024,0.2,0.232,0.211,0.443
김실,1967,686,1938,273,511,75,23,9,192,36,31,214,219,2000,0.264,0.337,0.34,0.677
김연훈,1984,467,773,91,175,29,3,4,61,18,14,36,171,2017,0.226,0.261,0.287,0.548
김영균,1961,213,394,34,91,17,1,7,39,5,4,45,69,1988,0.231,0.31,0.332,0.642
김영복,1985,34,48,5,8,1,0,1,4,0,0,2,8,2006,0.167,0.2,0.25,0.45
김영신,1961,25,32,1,5,0,0,0,2,0,0,1,5,1986,0.156,0.182,0.156,0.338
김영일,1971,156,294,30,63,9,2,0,19,9,7,17,43,1998,0.214,0.257,0.259,0.516
김영직,1960,715,1594,172,404,63,20,25,220,18,25,189,186,1995,0.253,0.333,0.365,0.698
김영진,1972,406,714,47,111,22,3,5,45,3,6,49,171,2001,0.155,0.21,0.216,0.425
김영진,1976,67,131,16,28,6,1,6,19,0,2,11,47,1996,0.214,0.275,0.412,0.687
김영환,1993,80,94,8,14,0,0,1,7,2,1,3,23,2020,0.149,0.175,0.181,0.356
김용국,1962,1092,3018,359,753,123,9,46,358,50,34,324,392,1995,0.25,0.322,0.342,0.664
김용달,1956,315,591,66,153,28,4,12,72,7,5,77,102,1988,0.259,0.344,0.381,0.725
김용만,1958,56,102,7,15,3,0,0,7,2,1,6,10,1982,0.147,0.194,0.176,0.371
김용선,1970,411,911,103,208,40,5,18,79,20,16,93,224,1997,0.228,0.3,0.342,0.642
김용우,1979,135,165,14,39,6,1,2,18,2,1,23,36,2009,0.236,0.33,0.321,0.651
김용운,1955,592,1484,127,367,52,4,9,160,10,11,82,129,1990,0.247,0.287,0.306,0.593
김용의,1985,980,1782,322,463,56,17,9,165,106,42,202,400,2021,0.26,0.335,0.325,0.661
김용철,1957,1025,3415,479,968,192,10,131,555,74,42,369,382,1992,0.283,0.353,0.461,0.814
김용희,1955,535,1783,200,482,69,10,61,260,15,13,151,161,1989,0.27,0.327,0.423,0.75
김용희,1964,66,38,27,7,0,0,0,0,14,5,4,11,1989,0.184,0.262,0.184,0.446
김우근,1956,397,1043,142,264,35,8,11,85,65,25,111,111,1987,0.253,0.325,0.334,0.659
김우석,1975,161,129,17,23,5,1,1,6,1,1,7,36,2008,0.178,0.221,0.256,0.476
김우열,1949,343,1076,160,299,45,6,41,173,43,16,155,141,1986,0.278,0.369,0.445,0.814
김원근,1968,62,125,10,34,3,0,0,11,1,4,12,29,1995,0.272,0.336,0.296,0.632
김원석,1989,89,203,31,56,12,2,7,26,0,0,11,64,2017,0.276,0.313,0.458,0.771
김원섭,1978,1092,2835,442,767,131,33,27,307,103,51,436,452,2016,0.271,0.368,0.369,0.736
김유동,1954,136,378,41,89,15,1,10,41,4,4,14,45,1985,0.235,0.263,0.36,0.623
김윤환,1957,457,1203,153,309,62,9,28,170,66,33,147,163,1991,0.257,0.338,0.393,0.731
김은성,1993,27,30,2,8,3,0,0,2,0,0,3,9,2021,0.267,0.333,0.367,0.7
김응국,1966,1440,4950,744,1452,243,62,86,666,207,99,593,711,2003,0.293,0.369,0.42,0.789
김응민,1991,104,172,15,32,3,0,2,15,0,0,8,41,2022,0.186,0.222,0.238,0.461
김이수,1960,118,155,25,26,6,1,2,10,7,7,9,29,1986,0.168,0.213,0.258,0.471
김인식,1953,662,2167,260,553,67,11,11,154,99,46,107,110,1988,0.255,0.29,0.311,0.602
김인철,1971,381,681,112,162,27,3,18,78,20,10,43,164,2007,0.238,0.283,0.366,0.649
김인호,1967,1067,2783,412,640,110,16,52,263,99,64,296,478,2001,0.23,0.304,0.337,0.641
김인환,1994,298,902,94,217,33,0,24,105,3,0,71,245,2024,0.241,0.296,0.357,0.653
김일경,1978,800,1569,220,386,62,5,18,118,90,38,119,331,2012,0.246,0.299,0.326,0.625
김일권,1956,841,2817,364,713,102,16,28,243,363,146,267,187,1991,0.253,0.318,0.33,0.648
김일혁,1970,132,167,26,37,12,0,2,13,5,0,17,26,1995,0.222,0.293,0.329,0.623
김일환,1954,451,947,88,227,41,3,0,76,8,16,93,116,1989,0.24,0.308,0.289,0.597
김재걸,1972,1125,2128,271,490,72,13,14,170,119,54,182,501,2009,0.23,0.291,0.296,0.587
김재구,1978,89,96,7,23,5,0,4,20,1,0,5,30,2008,0.24,0.277,0.417,0.694
김재덕,1973,132,221,16,43,15,0,5,22,0,1,10,46,1998,0.195,0.229,0.33,0.56
김재박,1954,966,3561,512,972,148,26,28,321,284,119,364,279,1992,0.273,0.34,0.353,0.693
김재상,1959,403,676,121,158,20,4,4,52,88,39,72,79,1991,0.234,0.307,0.293,0.6
김재상,2004,52,104,14,23,4,0,3,14,4,0,7,27,2024,0.221,0.27,0.346,0.616
김재유,1992,196,327,58,85,9,0,2,29,20,5,23,81,2022,0.26,0.309,0.306,0.614
김재율,1989,149,289,31,73,14,0,7,40,0,1,21,61,2019,0.253,0.303,0.374,0.677
김재학,1978,37,35,4,5,0,1,0,1,0,0,2,9,2004,0.143,0.189,0.2,0.389
김재현,1975,1770,5710,884,1681,310,20,201,939,115,66,929,931,2010,0.294,0.393,0.461,0.854
김재현,1987,486,464,142,122,15,9,2,42,72,25,28,118,2020,0.263,0.305,0.347,0.652
김재현,1991,267,271,39,55,8,0,0,28,1,1,16,65,2022,0.203,0.247,0.232,0.48
김재호,1985,1793,4534,661,1235,211,26,54,600,79,40,581,652,2024,0.272,0.355,0.366,0.721
김정규,1973,41,63,5,13,1,0,0,2,0,0,0,12,1999,0.206,0.206,0.222,0.429
김정민,1970,700,1257,122,331,53,4,14,142,4,10,89,220,2009,0.263,0.312,0.345,0.657
김정수,1953,346,966,129,226,46,6,23,113,20,18,156,137,1986,0.234,0.34,0.365,0.706
김정수,1960,181,457,46,102,18,5,7,51,9,6,57,106,1985,0.223,0.309,0.33,0.64
김정수,1963,139,132,27,23,4,0,0,13,4,6,8,35,1992,0.174,0.221,0.205,0.426
김정태,1957,95,180,14,42,6,0,1,10,2,5,29,27,1987,0.233,0.34,0.283,0.623
김정혁,1985,99,215,33,51,6,1,2,25,4,2,14,48,2017,0.237,0.284,0.302,0.586
김정현,1979,24,68,10,17,2,0,1,6,0,3,8,20,2002,0.25,0.329,0.324,0.652
김종갑,1964,218,359,64,79,13,1,12,40,8,6,55,80,1992,0.22,0.324,0.362,0.686
김종국,1973,1359,4391,604,1086,198,19,66,429,254,70,449,797,2009,0.247,0.317,0.346,0.663
김종모,1959,852,2739,329,815,111,10,82,395,26,31,250,257,1992,0.298,0.356,0.435,0.792
김종문,1964,70,52,3,13,2,0,1,9,0,2,5,5,1991,0.25,0.316,0.346,0.662
김종민,1986,142,258,23,58,3,0,1,23,0,1,25,45,2019,0.225,0.293,0.248,0.541
김종석,1971,978,2448,314,644,128,18,48,336,32,25,280,396,2004,0.263,0.339,0.389,0.728
김종성,1969,133,180,33,46,9,1,7,26,7,8,11,46,1995,0.256,0.298,0.433,0.732
김종수,1957,117,256,25,64,5,0,0,17,4,3,37,33,1987,0.25,0.345,0.27,0.614
김종윤,1957,265,575,71,131,23,8,5,48,17,17,58,117,1986,0.228,0.299,0.322,0.62
김종헌,1966,828,1706,267,425,65,17,5,152,115,62,181,309,2000,0.249,0.321,0.316,0.637
김종호,1984,494,1343,249,376,41,18,6,90,128,37,135,255,2017,0.28,0.346,0.351,0.696
김종훈,1972,1258,2902,425,735,119,24,43,276,82,25,255,576,2007,0.253,0.314,0.355,0.669
김주성,1972,173,256,28,64,9,1,1,19,3,3,19,54,1996,0.25,0.302,0.305,0.607
김주찬,1981,1778,6297,1025,1887,361,54,138,782,388,132,401,963,2020,0.3,0.342,0.44,0.781
김주현,1988,81,123,13,28,9,0,2,14,2,0,8,36,2017,0.228,0.275,0.35,0.624
김주현,1993,36,53,4,13,2,0,0,3,0,0,9,23,2021,0.245,0.355,0.283,0.638
김주형,1985,750,1809,175,405,77,1,61,222,4,8,135,389,2018,0.224,0.278,0.369,0.646
김주형,1996,201,292,34,54,15,1,2,22,2,2,22,90,2024,0.185,0.242,0.264,0.506
김주호,1984,76,74,8,15,0,0,2,11,0,1,6,20,2006,0.203,0.262,0.284,0.546
김준완,1991,518,1029,171,232,27,5,3,71,8,9,196,242,2023,0.225,0.349,0.27,0.62
김준태,1994,518,1045,121,240,45,4,18,136,5,2,169,298,2024,0.23,0.337,0.332,0.669
김준호,1984,59,96,10,23,2,2,1,10,0,0,2,26,2011,0.24,0.255,0.333,0.588
김준환,1955,670,2170,255,588,76,7,61,285,41,24,171,261,1989,0.271,0.324,0.397,0.721
김지성,1985,81,91,10,16,3,1,3,9,2,0,3,30,2018,0.176,0.202,0.33,0.532
김지수,1986,453,401,67,93,16,0,4,36,6,5,40,85,2019,0.232,0.302,0.302,0.603
김지수,1996,31,56,3,6,1,0,1,4,0,0,2,25,2021,0.107,0.138,0.179,0.317
김지열,1988,165,380,53,92,14,1,8,39,19,8,26,109,2018,0.242,0.291,0.347,0.638
김지영,1974,130,194,22,45,7,0,3,15,0,0,13,54,2002,0.232,0.28,0.314,0.595
김지훈,1973,216,204,18,44,8,0,7,26,0,0,13,63,2004,0.216,0.263,0.358,0.621
김진곤,1987,146,183,29,41,5,0,2,20,6,5,5,43,2019,0.224,0.245,0.284,0.529
김진규,1965,310,611,82,140,27,6,11,70,25,12,79,112,1993,0.229,0.317,0.347,0.664
김진근,1956,111,82,21,14,2,0,1,6,4,4,4,9,1987,0.171,0.209,0.232,0.441
김진수,1979,122,118,9,24,3,1,0,6,2,1,9,39,2009,0.203,0.26,0.246,0.506
김진우,1958,471,1453,168,363,62,5,43,173,16,13,196,241,1989,0.25,0.339,0.388,0.727
김진철,1958,30,46,3,6,1,1,0,4,0,2,3,12,1982,0.13,0.184,0.196,0.379
김진한,1964,127,253,31,67,18,3,6,33,2,5,28,51,1992,0.265,0.338,0.431,0.769
김진형,1990,53,76,10,15,4,0,1,9,0,0,6,18,2019,0.197,0.256,0.289,0.546
김진홍,1962,69,64,5,15,1,1,0,3,1,1,5,5,1989,0.234,0.29,0.281,0.571
김창희,1973,1345,3608,427,926,167,9,68,438,44,34,409,657,2009,0.257,0.332,0.364,0.697
김충민,1970,417,857,87,194,36,3,27,104,19,12,76,196,2000,0.226,0.289,0.37,0.659
김태균,1971,1235,2960,317,673,122,6,63,335,30,21,299,715,2007,0.227,0.298,0.336,0.635
김태균,1982,2015,6900,1024,2209,399,8,311,1358,28,14,1141,1384,2021,0.32,0.417,0.516,0.932
김태룡,1968,621,1092,123,236,45,2,17,92,15,9,74,235,2002,0.216,0.266,0.308,0.574
김태민,1971,111,170,13,34,6,1,2,18,2,2,7,44,1996,0.2,0.232,0.282,0.514
김태업,1962,35,47,6,7,2,0,0,3,2,1,4,12,1985,0.149,0.216,0.191,0.407
김태완,1966,140,126,24,26,8,0,0,15,8,7,8,17,1991,0.206,0.254,0.27,0.524
김태완,1981,513,968,126,234,51,1,21,114,8,6,121,205,2016,0.242,0.326,0.362,0.688
김태완,1984,720,1898,256,500,82,3,80,295,9,10,293,491,2018,0.263,0.362,0.436,0.798
김태형,1967,828,1835,163,432,76,4,9,157,12,12,100,164,2001,0.235,0.275,0.296,0.571
김평호,1963,461,736,103,162,27,4,6,60,62,37,92,110,1992,0.22,0.307,0.292,0.599
김하성,1995,891,3195,606,940,191,23,133,575,134,38,381,502,2020,0.294,0.369,0.493,0.863
김한근,1955,575,1381,153,354,68,5,26,157,17,21,144,191,1990,0.256,0.327,0.369,0.696
김한수,1971,1497,5242,704,1514,279,12,149,782,59,39,341,800,2007,0.289,0.332,0.432,0.764
김한조,1962,226,348,38,75,12,1,6,36,4,3,44,61,1988,0.216,0.304,0.307,0.611
김현민,1973,210,343,35,79,19,1,7,41,3,2,14,81,2002,0.23,0.261,0.353,0.613
김현준,2002,319,983,144,261,39,11,3,79,13,8,86,213,2024,0.266,0.325,0.337,0.661
김형남,1973,72,103,11,18,3,0,1,11,0,0,3,23,1997,0.175,0.198,0.233,0.431
김형석,1962,1417,4866,548,1345,221,44,119,656,45,45,454,687,1998,0.276,0.338,0.413,0.751
김형성,1976,66,89,5,15,3,0,0,3,0,0,7,23,1998,0.169,0.229,0.202,0.431
김형철,1980,167,154,18,24,3,0,0,8,4,2,7,39,2010,0.156,0.193,0.175,0.368
김혜성,1999,953,3433,591,1043,150,39,37,386,211,37,325,623,2024,0.304,0.364,0.403,0.767
김호,1967,1170,3288,405,746,109,26,53,338,131,65,381,701,2002,0.227,0.307,0.324,0.631
김호근,1960,693,1570,140,375,72,10,26,180,9,10,124,264,1993,0.239,0.295,0.347,0.642
김호은,1992,78,114,12,25,5,0,2,11,0,0,7,19,2022,0.219,0.264,0.316,0.58
김호인,1954,64,215,23,60,16,0,6,24,4,2,17,21,1982,0.279,0.332,0.437,0.769
김호재,1995,286,375,37,92,16,0,1,27,4,1,33,68,2023,0.245,0.306,0.296,0.602
김홍기,1968,84,177,11,38,8,0,3,21,2,0,13,55,1993,0.215,0.268,0.311,0.579
김홍집,1969,23,31,4,4,0,0,1,6,0,0,3,7,1994,0.129,0.206,0.226,0.432
김회성,1985,423,796,110,169,37,3,35,117,5,5,97,238,2020,0.212,0.298,0.398,0.696
김훈,1970,241,503,61,110,21,4,4,26,12,11,32,88,1998,0.219,0.265,0.3,0.566
김휘욱,1957,36,66,5,10,1,1,1,9,0,0,1,8,1982,0.152,0.164,0.242,0.407
나경민,1991,264,275,83,67,9,4,1,22,37,10,28,88,2019,0.244,0.314,0.316,0.63
나광남,1967,104,79,20,11,3,1,0,7,8,5,11,12,1991,0.139,0.244,0.203,0.447
나균안,1998,216,366,27,45,7,0,5,24,0,0,21,175,2021,0.123,0.171,0.183,0.354
나바로,1987,265,1034,244,307,46,2,79,235,47,15,189,143,2015,0.297,0.406,0.574,0.98
나성용,1988,79,134,12,33,5,0,5,17,0,1,9,56,2017,0.246,0.294,0.396,0.689
나웅,1967,292,382,81,93,13,6,3,36,37,23,41,67,1995,0.243,0.317,0.332,0.649
나원탁,1994,33,48,2,8,1,0,0,1,0,0,0,23,2021,0.167,0.167,0.188,0.354
나주환,1984,1506,3886,524,1018,183,12,89,496,83,58,288,792,2021,0.262,0.313,0.384,0.697
나지완,1985,1473,4561,668,1265,201,8,221,862,35,20,666,1115,2022,0.277,0.369,0.47,0.84
남기헌,1977,79,114,16,25,6,1,0,10,1,0,11,23,2001,0.219,0.288,0.289,0.577
남태혁,1991,113,223,16,50,6,0,4,29,1,0,18,73,2021,0.224,0.282,0.305,0.587
노수광,1990,770,2348,378,631,100,23,28,220,123,40,237,536,2023,0.269,0.336,0.367,0.702
노진혁,1989,987,2780,361,731,166,12,77,395,15,15,288,698,2024,0.263,0.332,0.414,0.747
노찬엽,1965,884,2788,368,778,121,38,43,380,59,58,328,258,1997,0.279,0.355,0.396,0.751
노태형,1995,73,145,20,27,5,1,0,7,0,1,13,46,2021,0.186,0.253,0.234,0.488
뉴선,1964,35,115,15,24,5,0,7,17,3,1,17,38,2002,0.209,0.311,0.435,0.745
니일,1965,17,57,7,11,4,0,1,3,0,0,10,15,2001,0.193,0.313,0.316,0.629
대니돈,1984,149,467,70,130,35,1,17,72,1,0,77,88,2017,0.278,0.381,0.467,0.847
대톨라,1967,101,265,33,74,12,1,9,42,0,0,26,49,1999,0.279,0.344,0.434,0.778
댄블랙,1987,54,198,25,66,10,1,12,32,0,0,25,52,2015,0.333,0.408,0.576,0.984
데이비스,1969,836,3130,538,979,175,6,167,591,108,57,353,606,2006,0.313,0.382,0.533,0.915
도슨,1995,152,611,106,203,45,4,14,86,11,4,57,95,2024,0.332,0.389,0.488,0.877
도이석,1961,72,36,15,5,3,0,0,6,2,1,6,7,1987,0.139,0.262,0.222,0.484
동봉철,1970,750,2205,387,583,92,22,34,210,116,63,315,326,1999,0.264,0.356,0.372,0.729
디아즈,1971,182,626,81,164,38,0,29,89,7,5,54,74,2004,0.262,0.321,0.462,0.782
디아즈,1981,62,207,37,55,15,0,15,39,2,1,17,76,2009,0.266,0.321,0.556,0.877
라가레스,1989,49,181,24,57,9,0,6,32,3,1,14,18,2022,0.315,0.364,0.464,0.828
라모스,1992,98,383,53,113,20,4,13,59,5,3,31,78,2024,0.295,0.348,0.47,0.818
라모스,1994,168,616,88,165,24,3,46,111,2,0,73,179,2021,0.268,0.345,0.541,0.886
라이온,1971,227,896,117,253,68,3,23,128,10,4,62,136,2005,0.282,0.329,0.442,0.771
러셀,1994,124,464,42,125,25,1,6,73,3,0,39,76,2023,0.269,0.326,0.366,0.692
러프,1986,404,1493,267,467,105,6,86,350,13,8,205,301,2019,0.313,0.396,0.564,0.96
렉스,1993,111,421,52,122,14,3,12,64,3,1,54,98,2023,0.29,0.371,0.423,0.793
로니,1984,23,79,7,22,5,0,3,12,0,0,11,14,2017,0.278,0.367,0.456,0.822
로마이어,1965,315,1165,192,337,68,4,85,252,9,6,152,265,2001,0.289,0.371,0.573,0.945
로맥,1985,626,2231,386,610,109,1,155,409,22,11,345,555,2021,0.273,0.371,0.532,0.902
로메로,1986,76,265,30,67,16,0,12,50,2,0,29,48,2015,0.253,0.327,0.449,0.776
로사리오,1989,246,937,178,309,61,3,70,231,11,8,83,151,2017,0.33,0.384,0.625,1.01
로티노,1980,79,216,30,66,18,0,2,22,2,0,29,22,2014,0.306,0.388,0.417,0.804
로페즈,1974,22,68,6,11,0,0,3,8,0,0,6,20,2004,0.162,0.23,0.294,0.524
로하스,1993,122,403,52,102,24,4,19,65,0,1,55,68,2023,0.253,0.343,0.474,0.817
루이즈,1994,27,84,10,13,4,1,1,6,1,0,9,13,2022,0.155,0.237,0.262,0.498
류승민,2004,29,53,6,11,3,0,0,5,0,0,4,20,2024,0.208,0.263,0.264,0.527
류승현,1997,95,228,23,61,11,2,1,27,3,2,16,42,2022,0.268,0.316,0.346,0.662
류은재,1983,34,52,9,12,1,1,4,9,2,1,3,16,2011,0.231,0.273,0.519,0.792
류중일,1963,1095,3293,475,874,151,23,45,359,109,40,363,507,1999,0.265,0.338,0.366,0.705
류지현,1971,1108,4050,719,1134,193,17,64,379,296,85,590,537,2004,0.28,0.372,0.383,0.755
리오스,1972,41,134,12,31,7,0,2,17,0,1,4,18,2007,0.231,0.254,0.328,0.582
마낙길,1989,27,30,6,9,1,0,0,0,2,3,2,5,2015,0.3,0.344,0.333,0.677
마르테,1983,206,750,137,234,48,1,42,163,0,0,101,111,2016,0.312,0.394,0.547,0.94
마르티네스,1970,368,1374,222,380,75,5,57,235,77,37,152,216,2003,0.277,0.349,0.463,0.812
마이로우,1976,70,208,42,48,9,1,12,30,0,2,52,74,2006,0.231,0.385,0.457,0.841
마차도,1992,278,952,162,266,52,2,17,125,23,6,112,125,2021,0.279,0.355,0.392,0.747
마테오,1978,34,130,18,29,3,0,5,20,2,1,12,36,2005,0.223,0.289,0.362,0.65
마티니,1990,139,510,67,151,34,1,16,85,12,4,51,86,2022,0.296,0.36,0.461,0.821
마틴,1967,107,358,45,104,16,4,9,52,7,0,51,57,2004,0.291,0.379,0.433,0.812
마틴,1995,118,435,55,123,20,2,17,90,15,3,57,107,2023,0.283,0.366,0.455,0.821
마해영,1970,1501,5482,850,1609,298,20,260,1003,45,32,587,931,2008,0.294,0.362,0.497,0.859
맥스웰,1983,23,80,14,23,3,1,4,16,2,2,15,25,2016,0.288,0.4,0.5,0.9
맥키넌,1994,72,272,28,80,13,0,4,36,1,0,39,33,2024,0.294,0.383,0.386,0.769
메히아,1972,30,112,9,29,3,0,3,13,1,4,2,23,2003,0.259,0.272,0.366,0.638
모건,1980,10,33,2,9,2,0,0,5,1,1,4,8,2015,0.273,0.351,0.333,0.685
모넬,1986,28,85,10,14,4,0,2,9,2,1,17,28,2017,0.165,0.304,0.282,0.586
모상기,1987,65,116,9,19,3,0,4,11,1,1,14,49,2015,0.164,0.254,0.293,0.547
모창민,1985,1042,2740,401,773,141,13,92,439,74,38,229,532,2021,0.282,0.337,0.444,0.781
모터,1989,10,35,4,4,0,0,1,3,0,0,1,10,2020,0.114,0.139,0.2,0.339
문규현,1983,1025,2425,276,608,112,7,26,269,25,15,168,402,2019,0.251,0.299,0.335,0.634
문선재,1990,358,718,115,175,33,5,21,93,27,15,68,210,2020,0.244,0.309,0.391,0.701
문승훈,1966,109,156,19,34,3,1,4,19,1,0,23,33,1992,0.218,0.318,0.327,0.645
문우람,1992,279,764,113,213,57,4,12,96,8,6,74,140,2015,0.279,0.342,0.411,0.753
문희성,1973,412,908,110,224,36,2,30,144,14,9,72,175,2006,0.247,0.302,0.39,0.692
뮬렌,1967,14,46,5,9,0,0,1,3,2,0,6,18,2000,0.196,0.288,0.261,0.549
미첼,1969,77,238,33,54,8,0,8,38,3,2,38,51,2000,0.227,0.333,0.361,0.695
민경삼,1963,562,1072,144,233,26,10,6,94,53,30,84,124,1992,0.217,0.274,0.277,0.551
민병헌,1987,1438,4285,751,1266,214,24,99,578,187,70,388,720,2021,0.295,0.354,0.426,0.78
바에르가,1968,39,120,18,33,3,2,4,17,0,0,6,12,2001,0.275,0.31,0.433,0.743
바워스,1971,43,124,17,36,6,3,3,12,0,6,6,27,1999,0.29,0.323,0.46,0.783
박경수,1984,2043,5608,727,1396,270,13,161,719,78,44,783,1360,2024,0.249,0.341,0.388,0.729
박경완,1972,2044,5949,913,1480,271,15,314,995,75,59,974,1605,2013,0.249,0.354,0.458,0.812
박경진,1976,202,252,23,52,4,2,1,21,1,0,18,48,2005,0.206,0.259,0.25,0.509
박경호,1973,103,178,18,45,4,0,3,18,18,2,15,48,1999,0.253,0.311,0.326,0.637
박계원,1970,717,1812,224,439,69,11,19,212,55,33,150,290,2002,0.242,0.3,0.324,0.624
박계현,1992,159,393,50,105,11,0,0,34,17,11,28,69,2015,0.267,0.316,0.295,0.611
박규대,1972,60,40,10,5,0,0,0,0,6,3,2,9,1999,0.125,0.167,0.125,0.292
박기남,1981,764,1328,200,338,63,0,23,147,15,12,183,254,2015,0.255,0.345,0.354,0.699
박기택,1968,94,178,11,27,2,0,6,15,2,2,24,45,1995,0.152,0.252,0.264,0.517
박기혁,1981,1444,3657,394,891,134,12,22,337,79,46,344,712,2018,0.244,0.309,0.305,0.614
박노민,1985,193,354,29,77,14,0,8,40,4,0,22,120,2016,0.218,0.263,0.325,0.588
박노준,1962,1018,2921,368,765,110,27,28,266,152,73,223,302,1997,0.262,0.314,0.347,0.661
박대온,1995,259,364,28,77,16,1,2,23,0,1,13,102,2023,0.212,0.239,0.277,0.516
박민,2001,46,67,10,14,5,0,0,5,0,2,4,18,2024,0.209,0.254,0.284,0.537
박병호,1970,161,319,28,59,13,2,3,31,2,0,14,73,1996,0.185,0.219,0.266,0.486
박상국,1960,230,419,42,90,17,3,5,42,6,3,46,84,1992,0.215,0.292,0.305,0.598
박상민,1978,37,39,3,9,1,0,0,2,0,2,5,9,2002,0.231,0.318,0.256,0.575
박상언,1997,213,371,38,81,16,2,5,36,2,5,32,96,2024,0.218,0.28,0.313,0.593
박상현,1972,186,173,26,36,5,2,0,10,8,4,8,56,1998,0.208,0.243,0.26,0.503
박석민,1985,1697,5363,882,1537,271,10,269,1041,23,17,857,1145,2023,0.287,0.385,0.491,0.876
박선일,1966,289,495,42,118,20,1,7,44,3,6,37,74,1996,0.238,0.291,0.325,0.617
박성훈,1967,44,56,7,11,2,0,1,4,2,1,7,15,1990,0.196,0.286,0.286,0.571
박승규,2000,226,343,49,79,14,0,4,25,8,7,21,63,2022,0.23,0.275,0.306,0.581
박승호,1958,949,2486,312,685,125,5,87,432,20,18,295,273,1993,0.276,0.352,0.435,0.787
박연수,1974,488,901,106,232,42,3,31,137,6,8,101,283,2008,0.257,0.332,0.414,0.746
박영태,1959,682,1345,170,305,40,11,2,106,50,24,102,213,1992,0.227,0.281,0.277,0.559
박용근,1984,399,585,99,130,25,6,5,43,46,17,64,124,2016,0.222,0.299,0.311,0.61
박용성,1958,361,922,108,238,34,4,43,145,12,13,94,158,1988,0.258,0.327,0.444,0.77
박용택,1979,2237,8139,1259,2504,441,44,213,1192,313,90,793,1392,2022,0.308,0.369,0.451,0.82
박유연,1998,28,36,3,9,2,0,0,3,0,0,1,12,2023,0.25,0.27,0.306,0.576
박윤,1988,56,101,6,19,2,0,0,4,0,0,5,31,2017,0.188,0.226,0.208,0.434
박인구,1970,70,64,11,9,2,0,0,1,1,0,2,18,1993,0.141,0.167,0.172,0.339
박재벌,1968,394,872,118,208,35,8,5,72,46,21,57,85,1998,0.239,0.285,0.314,0.599
박재상,1982,1087,3084,459,807,161,19,65,394,135,66,361,597,2016,0.262,0.339,0.389,0.728
박재용,1969,546,1562,167,385,74,8,23,195,12,5,130,276,2000,0.246,0.304,0.348,0.653
박재욱,1995,42,62,5,16,2,0,0,5,0,0,2,13,2022,0.258,0.281,0.29,0.572
박재홍,1973,1797,6097,1012,1732,316,26,300,1081,267,145,875,1147,2012,0.284,0.374,0.492,0.866
박전섭,1959,69,152,12,32,5,1,0,12,0,1,7,22,1985,0.211,0.245,0.257,0.502
박정권,1981,1308,4150,611,1134,209,17,178,679,56,36,450,942,2019,0.273,0.344,0.46,0.805
박정음,1989,411,507,124,126,11,6,7,52,38,21,54,143,2021,0.249,0.321,0.335,0.656
박정준,1984,411,799,100,185,38,3,10,71,16,13,81,185,2015,0.232,0.302,0.324,0.626
박정태,1969,1167,3857,531,1141,228,23,85,639,22,27,475,416,2004,0.296,0.373,0.433,0.806
박정현,2001,197,478,51,107,17,1,6,41,7,1,27,141,2023,0.224,0.265,0.301,0.567
박정환,1957,387,736,76,172,26,1,22,106,4,7,35,154,1992,0.234,0.268,0.361,0.63
박정환,1977,598,1219,168,293,59,6,21,141,9,7,123,286,2011,0.24,0.31,0.35,0.66
박종윤,1982,837,2404,264,644,125,18,42,332,20,16,103,372,2016,0.268,0.298,0.387,0.685
박종일,1972,447,453,64,96,15,2,4,45,20,10,43,102,2001,0.212,0.28,0.28,0.561
박종호,1973,1541,4955,761,1336,227,35,71,584,103,49,525,612,2009,0.27,0.34,0.373,0.712
박종훈,1959,682,2209,281,640,94,17,32,231,71,40,213,145,1989,0.29,0.352,0.391,0.743
박준서,1981,731,994,119,228,45,10,8,98,20,6,77,238,2015,0.229,0.285,0.319,0.604
박준영,1953,135,342,34,75,14,0,3,26,0,3,38,63,1984,0.219,0.297,0.287,0.584
박준태,1967,724,1618,263,395,94,10,23,163,84,41,171,262,1998,0.244,0.316,0.357,0.674
박준태,1991,427,749,156,164,30,3,11,78,11,5,125,266,2023,0.219,0.331,0.311,0.642
박지규,1991,142,229,30,44,10,1,1,18,7,3,17,73,2020,0.192,0.248,0.258,0.506
박지상,1975,229,578,71,156,30,3,2,52,14,12,77,79,1996,0.27,0.356,0.343,0.698
박지환,1969,133,229,21,48,10,1,1,14,2,3,21,55,1997,0.21,0.276,0.275,0.551
박진만,1976,1993,6039,763,1574,317,15,153,781,94,76,671,1003,2015,0.261,0.335,0.394,0.729
박진환,1981,66,118,11,21,7,0,1,8,3,2,4,37,2011,0.178,0.205,0.263,0.468
박찬,1955,122,275,35,69,14,0,2,24,5,3,23,52,1986,0.251,0.309,0.324,0.632
박찬도,1989,282,299,84,70,12,2,1,28,27,13,33,87,2020,0.234,0.31,0.298,0.608
박찬혁,2003,100,315,26,65,12,0,7,25,0,1,19,108,2023,0.206,0.251,0.311,0.563
박창언,1958,47,139,10,34,6,1,0,11,4,2,2,35,1986,0.245,0.255,0.302,0.557
박철영,1960,200,379,39,80,19,3,5,36,3,4,34,97,1988,0.211,0.276,0.317,0.593
박철우,1964,961,2519,247,701,121,5,59,373,7,9,269,356,1998,0.278,0.348,0.401,0.748
박태호,1963,205,385,34,99,10,0,5,40,10,1,17,57,1992,0.257,0.289,0.322,0.611
박한결,1994,22,31,5,5,0,0,0,1,0,1,2,12,2020,0.161,0.212,0.161,0.373
박한이,1979,2127,7392,1211,2174,368,32,146,906,149,102,1028,1130,2019,0.294,0.38,0.412,0.792
박해종,1952,44,84,2,18,3,0,0,11,0,0,8,10,1985,0.214,0.283,0.25,0.533
박헌도,1987,302,576,75,134,28,0,19,81,3,2,84,155,2018,0.233,0.33,0.38,0.711
박헌욱,1993,18,31,1,7,3,0,1,4,1,0,1,10,2019,0.226,0.25,0.419,0.669
박현수,1972,39,46,4,9,2,1,0,2,0,0,4,18,1992,0.196,0.26,0.283,0.543
박현승,1972,1167,3634,503,962,167,18,62,399,98,43,414,644,2008,0.265,0.34,0.372,0.712
박현영,1968,524,1060,100,248,38,7,22,121,8,4,49,210,1998,0.234,0.268,0.345,0.613
박흥식,1962,660,2024,252,519,65,25,12,189,73,45,261,218,1993,0.256,0.341,0.331,0.672
반슬라이크,1986,12,39,1,5,1,0,1,4,0,0,4,6,2018,0.128,0.209,0.231,0.44
반즈,1986,74,283,38,75,17,1,9,42,2,1,27,81,2020,0.265,0.329,0.428,0.757
발데스,1973,116,435,50,123,15,0,13,72,4,1,70,49,2007,0.283,0.382,0.407,0.789
발데스,1978,47,156,17,34,9,1,1,16,13,4,9,19,2008,0.218,0.261,0.308,0.568
발디리스,1983,44,154,24,41,6,0,8,33,0,0,31,17,2016,0.266,0.389,0.461,0.85
방진호,1977,39,37,5,4,0,0,0,0,0,0,2,10,2002,0.108,0.154,0.108,0.262
배대웅,1954,356,822,85,213,32,3,11,83,24,7,72,52,1986,0.259,0.319,0.345,0.664
배성근,1995,140,183,28,33,6,0,1,11,2,1,20,63,2022,0.18,0.261,0.23,0.491
배스,1974,15,59,13,16,4,0,3,13,3,1,9,22,2000,0.271,0.368,0.492,0.859
배영섭,1986,633,1944,300,534,83,7,16,169,94,32,225,324,2019,0.275,0.35,0.349,0.699
배정훈,1973,93,162,11,34,5,0,2,10,1,1,7,38,1998,0.21,0.243,0.278,0.52
백동훈,1990,143,119,30,19,5,0,1,6,4,4,11,42,2021,0.16,0.231,0.227,0.458
백상원,1988,252,600,83,162,25,3,3,63,8,3,72,106,2018,0.27,0.348,0.337,0.685
백성진,1968,127,239,21,59,8,1,1,23,10,9,17,58,1997,0.247,0.297,0.301,0.598
백승룡,1982,159,207,28,34,7,0,0,9,6,3,28,64,2013,0.164,0.264,0.198,0.462
백승민,1990,44,85,7,18,3,0,0,10,0,0,4,25,2021,0.212,0.247,0.247,0.494
백승현,1995,59,90,9,19,3,0,0,4,1,1,9,27,2024,0.211,0.283,0.244,0.527
백용환,1989,390,752,81,153,28,0,29,83,5,3,90,231,2022,0.203,0.289,0.356,0.645
백인수,1963,953,2853,329,743,111,15,40,270,82,43,287,311,1999,0.26,0.328,0.352,0.68
백인천,1943,116,403,67,135,31,2,23,91,13,3,56,29,1984,0.335,0.416,0.593,1.009
백재호,1974,1007,2571,278,631,130,6,68,306,19,13,272,481,2007,0.245,0.318,0.38,0.698
백진우,1988,259,478,70,120,36,2,9,55,5,5,46,110,2019,0.251,0.317,0.391,0.708
버나디나,1984,270,1070,224,337,51,11,47,181,64,20,104,215,2018,0.315,0.376,0.515,0.891
번즈,1990,249,885,151,252,72,5,38,121,15,9,62,233,2018,0.285,0.332,0.506,0.838
베로아,1965,11,31,1,3,1,0,1,3,0,0,3,15,2002,0.097,0.176,0.226,0.402
베탄코트,1991,53,203,23,50,8,0,8,29,1,1,18,51,2019,0.246,0.308,0.404,0.712
보어,1988,32,100,7,17,2,0,3,17,0,0,11,30,2021,0.17,0.252,0.28,0.532
부시,1968,76,240,20,51,11,1,10,28,0,0,16,81,1998,0.212,0.262,0.392,0.653
브라운,1984,137,464,82,121,21,2,28,76,5,2,66,127,2015,0.261,0.353,0.496,0.849
브래디,1969,70,155,18,40,6,4,3,6,4,1,6,30,1998,0.258,0.286,0.406,0.692
브룸바,1974,553,1971,320,590,94,3,116,390,16,18,385,382,2009,0.299,0.414,0.527,0.94
브리또,1972,635,2343,347,683,131,5,112,391,13,12,199,352,2005,0.292,0.347,0.495,0.842
브릭스,1971,115,361,48,102,14,6,23,74,6,3,13,85,1999,0.283,0.307,0.546,0.853
브링클리,1968,27,91,9,19,1,0,3,14,2,0,6,25,2000,0.209,0.258,0.319,0.576
산토스,1966,130,484,74,150,19,0,26,107,1,0,46,66,2001,0.31,0.37,0.51,0.88
살라디노,1989,44,132,26,37,8,0,6,27,6,1,23,41,2020,0.28,0.387,0.477,0.864
샌더스,1969,125,409,86,101,14,0,40,94,3,0,105,133,1999,0.247,0.401,0.575,0.975
샌즈,1987,164,611,117,187,40,2,40,150,1,3,83,128,2019,0.306,0.389,0.574,0.964
서동욱,1984,849,1974,273,500,98,10,47,233,26,13,235,592,2018,0.253,0.333,0.384,0.717
서동욱,2000,46,43,4,5,2,0,0,0,0,0,3,13,2024,0.116,0.174,0.163,0.337
서브넥,1976,40,143,14,32,3,1,4,15,2,1,6,17,2006,0.224,0.255,0.343,0.598
서상우,1989,194,382,63,108,14,0,13,51,7,2,52,107,2019,0.283,0.369,0.421,0.79
서성민,1976,36,46,3,5,0,0,1,1,1,0,2,16,2002,0.109,0.146,0.174,0.32
서예일,1993,169,123,18,24,5,0,0,7,0,0,9,34,2024,0.195,0.25,0.236,0.486
서용빈,1971,828,2625,307,760,139,22,22,350,31,19,238,353,2006,0.29,0.349,0.384,0.733
서일권,1961,75,88,12,18,4,0,0,6,3,1,9,24,1991,0.205,0.278,0.25,0.528
서정민,1969,63,112,16,26,1,1,2,9,3,2,6,34,1995,0.232,0.271,0.312,0.584
서정호,1981,24,44,6,8,0,0,2,4,2,0,4,15,2009,0.182,0.25,0.318,0.568
서정환,1955,716,2277,285,609,75,9,22,199,136,71,213,265,1989,0.267,0.33,0.337,0.667
서창기,1965,203,373,37,76,19,4,2,40,2,5,51,97,1992,0.204,0.3,0.292,0.592
서튼,1970,246,861,140,241,43,3,56,173,0,2,166,198,2007,0.28,0.396,0.532,0.928
서한규,1973,457,632,93,142,15,6,4,48,21,4,62,121,2007,0.225,0.294,0.286,0.58
서효인,1962,306,488,38,101,13,2,10,56,4,4,61,101,1995,0.207,0.295,0.303,0.598
석수철,1973,114,289,32,77,16,1,3,32,4,2,17,45,1996,0.266,0.307,0.36,0.667
성군철,1968,156,144,42,29,4,1,1,15,15,9,8,31,1992,0.201,0.243,0.264,0.507
성의준,1989,53,43,5,7,2,0,1,6,0,1,4,13,2017,0.163,0.234,0.279,0.513
소상영,1973,91,176,14,30,7,1,2,12,1,1,18,40,1997,0.17,0.247,0.256,0.503
소크라테스,1992,409,1613,266,487,90,13,63,270,40,18,127,252,2024,0.302,0.353,0.491,0.844
손길호,1967,109,164,11,24,3,1,1,16,3,6,15,18,1991,0.146,0.218,0.195,0.413
손동일,1971,203,461,58,92,18,1,10,40,12,6,33,130,1999,0.2,0.253,0.308,0.561
손상대,1954,33,31,1,6,1,0,0,3,1,0,3,11,1985,0.194,0.265,0.226,0.491
손상득,1956,236,381,51,89,6,4,2,35,14,5,20,57,1988,0.234,0.272,0.286,0.558
손시헌,1980,1559,4657,546,1265,224,25,70,550,31,24,430,693,2019,0.272,0.333,0.376,0.709
손용석,1987,235,363,32,95,16,1,0,41,1,1,22,76,2016,0.262,0.304,0.311,0.615
손인호,1975,908,2257,235,593,122,13,24,242,17,16,226,409,2012,0.263,0.33,0.36,0.69
손주인,1983,1007,2362,286,635,99,8,21,232,29,23,184,344,2019,0.269,0.322,0.344,0.666
손지환,1978,908,2044,230,493,82,4,47,217,16,19,112,246,2010,0.241,0.281,0.354,0.635
손차훈,1970,486,1104,108,246,50,2,10,84,10,14,62,158,2001,0.223,0.264,0.299,0.563
송경섭,1960,53,152,9,30,9,1,2,20,2,1,12,41,1982,0.197,0.256,0.309,0.565
송광민,1983,1060,3601,489,1029,181,5,111,530,30,17,192,812,2020,0.286,0.322,0.431,0.753
송구홍,1968,712,2287,314,622,105,10,42,235,97,39,148,253,2000,0.272,0.316,0.382,0.698
송산,1982,247,423,37,95,12,0,7,55,5,5,29,97,2012,0.225,0.274,0.303,0.577
송영운,1952,354,817,80,214,30,4,2,83,20,19,103,87,1988,0.262,0.345,0.316,0.66
송우현,1996,83,262,37,74,17,2,3,42,1,1,30,53,2021,0.282,0.356,0.397,0.753
송원국,1979,81,146,19,39,7,0,6,28,4,0,8,28,2002,0.267,0.305,0.438,0.744
송인호,1968,430,986,87,200,32,1,14,77,50,33,92,221,1997,0.203,0.271,0.28,0.551
송일섭,1959,621,1512,183,389,73,4,39,163,15,14,170,227,1990,0.257,0.332,0.388,0.721
송일수,1950,160,351,38,78,13,2,4,40,2,7,22,40,1986,0.222,0.268,0.305,0.573
송재박,1956,248,654,73,177,32,5,16,95,5,3,86,100,1991,0.271,0.355,0.408,0.764
송재익,1974,486,490,77,89,17,4,6,53,26,10,56,157,2004,0.182,0.266,0.269,0.535
송주호,1988,199,240,31,40,6,0,1,12,7,5,16,63,2016,0.167,0.219,0.204,0.423
송준석,1994,105,189,20,44,10,0,4,17,0,0,8,39,2023,0.233,0.264,0.349,0.613
송지만,1973,1938,6620,1019,1870,327,28,311,1030,165,102,691,1451,2013,0.282,0.35,0.481,0.832
송진호,1957,41,80,11,11,2,0,1,7,3,2,2,18,1982,0.138,0.159,0.2,0.359
송태일,1970,215,541,49,122,26,1,15,69,7,2,26,82,1996,0.226,0.261,0.36,0.621
스나이더,1982,150,531,105,142,33,1,30,88,4,4,46,166,2015,0.267,0.326,0.503,0.829
스몰린스키,1989,55,205,32,47,14,1,9,42,3,1,16,31,2019,0.229,0.285,0.439,0.724
스미스,1969,241,831,141,239,47,2,75,198,1,2,78,220,2000,0.288,0.349,0.62,0.968
스미스,1970,30,100,11,22,3,0,6,19,0,0,7,25,2005,0.22,0.271,0.43,0.701
스캇,1975,48,153,10,25,1,1,6,14,0,0,10,37,2006,0.163,0.215,0.301,0.515
스캇,1978,33,105,17,28,7,0,6,17,0,0,20,18,2014,0.267,0.384,0.505,0.889
스크럭스,1987,257,938,166,260,59,0,61,208,7,2,120,278,2018,0.277,0.359,0.535,0.894
시오타니,1974,23,91,15,27,4,0,3,19,1,0,7,12,2006,0.297,0.347,0.44,0.786
신경식,1961,1366,4650,559,1282,208,38,56,559,155,77,384,347,1995,0.276,0.331,0.373,0.704
신경현,1975,976,2359,236,595,95,6,31,224,29,24,218,437,2012,0.252,0.315,0.337,0.652
신국환,1972,469,1171,169,301,59,4,23,160,19,14,69,179,2002,0.257,0.298,0.373,0.672
신동주,1972,1041,2904,448,791,139,9,110,415,122,51,238,629,2006,0.272,0.327,0.44,0.768
신명철,1978,1212,3198,396,771,127,21,54,334,130,65,295,642,2015,0.241,0.305,0.345,0.65
신본기,1989,1000,2193,294,541,86,2,31,260,21,20,209,473,2024,0.247,0.312,0.33,0.642
신성현,1990,287,442,75,96,14,1,16,59,2,5,53,160,2023,0.217,0.301,0.362,0.663
신언호,1955,728,2013,183,487,77,12,18,211,42,33,139,205,1990,0.242,0.291,0.319,0.61
신윤후,1996,209,270,44,58,9,4,4,19,8,3,17,55,2024,0.215,0.261,0.322,0.584
신종길,1983,768,2032,322,554,104,30,28,223,132,43,160,484,2017,0.273,0.326,0.395,0.72
신주일,1977,53,69,12,19,1,0,0,7,4,2,6,10,2004,0.275,0.333,0.29,0.623
신준우,2001,157,103,17,15,6,0,0,4,0,1,11,45,2024,0.146,0.228,0.204,0.432
신진수,1972,159,292,39,60,17,0,1,19,7,4,26,55,1998,0.205,0.27,0.274,0.544
신진호,1991,29,34,2,5,1,0,0,1,0,0,3,15,2018,0.147,0.216,0.176,0.393
신현철,1987,125,133,18,31,7,0,1,8,1,0,12,40,2016,0.233,0.297,0.308,0.605
심광호,1977,512,815,74,176,28,2,27,95,8,3,50,237,2012,0.216,0.261,0.355,0.616
심성보,1973,758,2126,258,547,111,16,63,321,33,23,179,400,2003,0.257,0.315,0.413,0.728
심재원,1953,552,1128,102,240,27,1,10,90,21,9,88,143,1991,0.213,0.27,0.265,0.535
심재윤,1975,140,159,28,35,6,1,9,20,2,2,15,53,2001,0.22,0.287,0.44,0.728
심재학,1972,1247,3704,539,995,193,14,149,622,25,23,617,558,2008,0.269,0.373,0.449,0.822
심정수,1975,1450,5050,859,1451,232,14,328,1029,43,22,777,1073,2008,0.287,0.382,0.534,0.916
아두치,1985,196,773,151,237,52,8,35,147,39,12,73,177,2016,0.307,0.366,0.53,0.897
아수아헤,1991,49,163,34,41,5,4,2,21,4,2,26,24,2019,0.252,0.354,0.368,0.723
안경현,1970,1766,5405,639,1483,265,20,121,722,37,23,548,639,2010,0.274,0.341,0.398,0.739
안권수,1993,326,586,112,163,13,4,2,56,24,12,61,88,2023,0.278,0.346,0.324,0.67
안대환,1962,390,483,83,104,21,6,8,48,26,21,38,75,1993,0.215,0.273,0.333,0.606
안명성,1973,91,86,13,13,0,0,1,1,6,3,6,26,1997,0.151,0.207,0.186,0.393
안명호,1971,81,82,6,13,2,0,0,1,0,1,5,26,1993,0.159,0.207,0.183,0.39
안민석,1966,29,40,6,7,0,0,0,1,1,3,5,5,1989,0.175,0.267,0.175,0.442
안상준,1973,509,1189,133,283,40,7,13,111,15,5,94,240,2007,0.238,0.294,0.316,0.61
안승한,1992,92,109,10,24,4,0,0,14,1,0,5,36,2024,0.22,0.254,0.257,0.511
안언학,1962,130,269,21,53,9,0,1,21,1,0,22,62,1991,0.197,0.258,0.242,0.499
안익훈,1996,398,537,86,148,14,2,1,38,7,5,46,76,2024,0.276,0.333,0.315,0.647
안재만,1974,584,1365,174,330,74,3,40,176,53,22,136,374,2008,0.242,0.31,0.388,0.699
안재석,2002,222,499,58,113,20,3,6,36,7,0,38,136,2023,0.226,0.281,0.315,0.596
안정광,1989,46,81,6,16,2,0,0,8,1,2,6,25,2015,0.198,0.253,0.222,0.475
안치용,1979,528,1226,167,314,56,5,32,169,25,5,165,313,2013,0.256,0.344,0.388,0.733
안태영,1985,53,97,15,29,8,0,2,12,1,0,8,35,2014,0.299,0.352,0.443,0.796
안희봉,1972,43,68,4,16,2,0,3,12,0,0,3,22,2001,0.235,0.268,0.397,0.665
알드리지,1979,117,414,55,98,20,1,20,73,6,2,59,139,2011,0.237,0.332,0.435,0.767
알몬테,1989,60,225,18,61,9,0,7,36,1,0,22,50,2021,0.271,0.336,0.404,0.74
알칸트라,1971,116,422,57,112,16,2,22,69,0,2,46,104,2004,0.265,0.338,0.469,0.807
알테어,1991,279,974,173,268,39,9,63,192,42,8,103,305,2021,0.275,0.344,0.528,0.872
알포드,1994,213,774,131,223,50,4,29,120,22,5,80,230,2023,0.288,0.355,0.475,0.83
얀,1966,106,330,52,89,18,0,17,62,1,1,52,88,2001,0.27,0.369,0.479,0.848
양성우,1989,406,1168,150,295,53,5,9,115,17,8,123,209,2020,0.253,0.324,0.33,0.653
양세종,1958,492,1490,166,403,64,11,27,199,36,32,114,157,1990,0.27,0.322,0.383,0.705
양승관,1959,446,1334,150,330,66,6,31,155,14,19,99,202,1990,0.247,0.299,0.376,0.675
양승학,1984,47,93,12,24,5,0,4,12,0,0,7,29,2009,0.258,0.31,0.441,0.751
양승호,1960,195,413,33,92,14,2,4,41,5,3,28,44,1986,0.223,0.272,0.295,0.568
양영동,1983,173,180,44,34,5,1,0,8,20,5,22,47,2013,0.189,0.277,0.228,0.505
양용모,1967,746,1658,210,395,71,7,21,187,83,32,159,392,2002,0.238,0.305,0.328,0.632
양우현,2000,15,37,0,3,0,0,0,1,0,0,2,11,2024,0.081,0.128,0.081,0.209
양종민,1990,150,147,24,27,5,1,1,17,1,4,11,53,2019,0.184,0.241,0.252,0.492
양준혁,1969,2135,7332,1299,2318,458,25,351,1389,193,119,1278,910,2010,0.316,0.418,0.529,0.947
양찬열,1997,113,200,37,47,6,2,3,22,3,2,27,49,2024,0.235,0.326,0.33,0.656
양현석,1977,400,795,81,191,34,3,24,114,7,7,72,163,2007,0.24,0.303,0.381,0.684
양회열,1971,204,465,48,111,11,1,0,25,2,6,37,98,1996,0.239,0.295,0.267,0.561
양후승,1961,388,450,83,101,15,3,6,32,17,18,62,103,1992,0.224,0.318,0.311,0.629
엄정대,1975,175,153,34,32,3,1,3,19,3,3,9,40,2003,0.209,0.253,0.301,0.554
엄태섭,1959,46,105,8,19,3,0,0,6,2,0,4,14,1984,0.181,0.211,0.21,0.421
엄태용,1994,56,81,4,18,5,0,0,7,1,0,2,24,2014,0.222,0.241,0.284,0.525
에레라,1972,156,628,84,206,35,2,21,83,17,12,32,81,2002,0.328,0.361,0.49,0.851
에반스,1986,256,914,151,275,50,0,51,171,2,0,130,204,2017,0.301,0.388,0.523,0.911
엔젤,1975,40,131,21,36,3,0,9,27,2,0,23,30,2004,0.275,0.383,0.504,0.887
여태구,1964,591,1495,200,376,63,17,18,148,86,33,168,201,1995,0.252,0.327,0.353,0.68
연경흠,1983,345,774,102,180,40,3,26,88,2,1,76,183,2013,0.233,0.301,0.393,0.694
염경엽,1968,896,1449,197,283,53,7,5,110,83,34,122,208,2000,0.195,0.258,0.252,0.51
예진원,1999,117,190,23,33,9,1,2,13,0,1,19,49,2024,0.174,0.249,0.263,0.512
오그레디,1992,22,80,3,10,3,0,0,8,1,0,5,40,2023,0.125,0.176,0.162,0.339
오대석,1960,723,2055,249,514,77,7,36,248,41,20,250,264,1991,0.25,0.331,0.347,0.678
오덕환,1959,198,344,23,69,7,0,0,16,4,4,21,34,1988,0.201,0.247,0.221,0.468
오리어리,1969,63,211,30,56,14,2,10,28,0,0,23,37,2004,0.265,0.338,0.493,0.83
오윤,1981,350,592,61,135,22,3,8,71,8,4,80,151,2014,0.228,0.32,0.316,0.636
오재원,1985,1571,4321,678,1152,192,33,64,521,289,89,462,933,2022,0.267,0.337,0.371,0.708
오재일,1986,1491,4498,616,1229,274,7,215,873,14,7,582,1132,2024,0.273,0.356,0.481,0.837
오재필,1982,162,233,32,49,6,1,3,21,15,5,17,95,2013,0.21,0.264,0.283,0.547
오정복,1986,425,1070,155,306,50,4,19,127,7,8,103,138,2018,0.286,0.349,0.393,0.742
오정환,1999,39,45,9,8,1,0,0,3,0,2,1,21,2021,0.178,0.196,0.2,0.396
오준혁,1992,280,542,67,127,21,4,9,59,3,7,35,144,2022,0.234,0.281,0.338,0.618
오태근,1978,214,288,42,54,13,2,1,11,27,17,27,69,2009,0.188,0.257,0.257,0.514
오현근,1985,57,54,8,10,2,0,0,5,3,2,8,13,2016,0.185,0.29,0.222,0.513
왓슨,1978,10,38,3,7,1,0,2,6,0,0,4,5,2009,0.184,0.262,0.368,0.63
용덕한,1981,653,988,106,223,36,1,9,74,7,7,59,203,2016,0.226,0.269,0.291,0.561
우경하,1957,323,854,77,192,26,3,17,70,5,12,39,136,1988,0.225,0.259,0.322,0.581
우동균,1989,355,614,87,135,28,3,9,83,11,8,94,143,2017,0.22,0.323,0.319,0.643
우드,1967,35,110,10,28,9,0,1,9,1,1,11,20,2000,0.255,0.322,0.364,0.686
우즈,1969,614,2228,412,655,90,6,174,510,27,10,358,610,2002,0.294,0.392,0.574,0.966
원원근,1967,460,1069,105,277,48,6,8,121,19,21,125,154,1995,0.259,0.337,0.338,0.674
윌리엄스,1964,37,133,22,33,7,0,12,26,0,0,25,36,2000,0.248,0.367,0.571,0.939
윌리엄스,1993,68,258,29,63,14,0,9,45,1,1,8,63,2023,0.244,0.267,0.403,0.67
윌리엄슨,1990,40,154,19,42,7,1,4,15,0,1,13,50,2019,0.273,0.329,0.409,0.738
윌슨,1990,68,231,21,58,15,0,9,37,1,2,31,60,2019,0.251,0.34,0.433,0.773
유고웅,1958,336,1024,112,251,31,6,11,91,43,21,106,93,1988,0.245,0.316,0.319,0.635
유동효,1965,435,885,103,187,33,4,17,83,10,5,108,220,1994,0.211,0.297,0.315,0.612
유두열,1956,738,2224,297,588,102,14,58,268,56,40,256,220,1991,0.264,0.34,0.401,0.741
유로결,2000,182,339,40,53,9,0,2,24,6,3,25,104,2024,0.156,0.214,0.201,0.415
유민상,1989,367,955,116,251,56,2,23,156,3,1,125,203,2021,0.263,0.348,0.398,0.746
유상빈,2000,20,52,4,15,5,0,0,4,0,1,1,12,2023,0.288,0.302,0.385,0.687
유서준,1995,59,45,16,7,1,0,1,2,4,2,2,15,2021,0.156,0.191,0.244,0.436
유선정,1986,160,273,23,55,7,1,1,27,2,1,37,59,2015,0.201,0.297,0.245,0.542
유성룡,1960,38,66,4,16,1,0,0,12,2,1,1,12,1985,0.242,0.254,0.258,0.511
유승안,1956,787,2189,238,576,85,3,92,358,15,22,264,411,1991,0.263,0.342,0.431,0.773
유영원,1969,27,55,6,10,4,1,2,6,0,0,1,21,1993,0.182,0.196,0.4,0.596
유영환,1969,80,198,16,40,4,1,2,13,2,2,10,41,1994,0.202,0.24,0.263,0.503
유재신,1987,516,395,146,102,11,5,1,40,62,26,36,99,2019,0.258,0.32,0.319,0.639
유재웅,1979,392,753,84,185,42,1,21,95,2,6,72,194,2012,0.246,0.312,0.388,0.699
유제룡,1956,77,167,17,34,3,1,0,8,5,5,14,23,1986,0.204,0.265,0.234,0.499
유지홍,1962,265,513,40,127,17,0,2,41,8,9,32,69,1990,0.248,0.292,0.292,0.584
유지훤,1955,630,1807,173,407,54,15,12,187,38,30,106,141,1988,0.225,0.268,0.292,0.56
유충돌,1967,33,53,4,10,3,0,2,6,0,0,1,20,1991,0.189,0.204,0.358,0.562
유필선,1970,179,329,54,78,16,2,6,31,4,6,34,92,2001,0.237,0.309,0.353,0.661
유한준,1981,1650,5316,717,1606,284,6,151,883,35,20,594,728,2021,0.302,0.372,0.443,0.815
유해덕,1962,61,47,10,7,1,0,0,1,3,3,4,7,1988,0.149,0.216,0.17,0.386
윤기수,1971,156,189,14,40,4,1,0,6,3,5,9,26,1996,0.212,0.247,0.243,0.491
윤덕규,1963,1275,4073,480,1161,192,48,47,438,73,55,368,490,1997,0.285,0.344,0.39,0.735
윤동균,1949,594,1963,263,560,98,21,38,277,41,22,287,194,1989,0.285,0.376,0.415,0.791
윤병호,1989,83,106,17,19,4,0,1,5,3,0,4,27,2018,0.179,0.209,0.245,0.454
윤석민,1985,941,2821,372,805,137,4,103,466,13,10,226,462,2020,0.285,0.338,0.446,0.785
윤성훈,1966,151,229,21,40,8,1,0,15,6,2,18,45,1992,0.175,0.235,0.218,0.453
윤수강,1990,67,89,8,17,7,0,1,8,0,0,5,30,2020,0.191,0.234,0.303,0.537
윤승균,1983,120,101,34,19,2,0,1,6,40,13,5,37,2006,0.188,0.226,0.238,0.464
윤요섭,1982,501,905,93,228,35,1,26,135,10,7,89,199,2017,0.252,0.319,0.379,0.698
윤용하,1968,236,404,46,99,21,2,14,50,2,6,33,79,1994,0.245,0.302,0.411,0.713
윤재국,1975,714,1766,234,453,63,22,19,170,53,29,154,350,2009,0.257,0.316,0.349,0.666
윤재호,1967,617,1313,139,294,42,5,5,115,52,31,146,182,1996,0.224,0.302,0.275,0.577
윤정우,1988,126,144,34,33,8,0,3,15,15,3,8,38,2018,0.229,0.27,0.347,0.617
윤진호,1986,403,260,42,40,10,0,1,15,6,4,11,70,2019,0.154,0.188,0.204,0.392
윤찬,1967,137,191,24,39,5,0,2,23,4,7,22,32,1995,0.204,0.286,0.262,0.548
윤해진,1989,184,214,37,45,4,0,2,14,8,5,11,52,2019,0.21,0.249,0.257,0.506
윤혁,1967,199,519,57,136,25,2,2,42,11,3,59,64,1995,0.262,0.337,0.329,0.667
윤현식,1977,88,50,9,4,0,0,0,1,0,1,3,12,2004,0.08,0.132,0.08,0.212
윤형준,1994,179,382,32,96,14,1,11,45,2,2,14,105,2023,0.251,0.278,0.38,0.657
윤홍식,1962,47,57,8,13,4,1,0,1,2,3,1,15,1987,0.228,0.241,0.333,0.575
이강돈,1961,1217,3979,533,1132,203,38,87,557,88,75,387,657,1997,0.284,0.348,0.42,0.768
이건열,1963,897,2401,266,576,72,4,30,251,55,34,189,383,1997,0.24,0.295,0.311,0.606
이경복,1970,372,677,56,164,31,2,7,81,2,3,40,59,1998,0.242,0.285,0.325,0.609
이경수,1959,32,59,9,11,3,1,0,3,1,0,2,8,1982,0.186,0.213,0.271,0.484
이경호,1973,13,33,2,6,0,0,0,2,1,0,2,10,1993,0.182,0.229,0.182,0.41
이계성,1977,408,808,85,189,44,3,11,88,11,8,79,191,2005,0.234,0.302,0.337,0.639
이광근,1962,402,917,90,239,62,5,12,103,2,12,104,135,1992,0.261,0.336,0.378,0.714
이광길,1960,567,1256,148,288,56,7,7,120,48,36,206,183,1992,0.229,0.338,0.302,0.64
이광은,1955,922,3279,475,929,149,26,90,473,119,60,311,314,1991,0.283,0.345,0.427,0.772
이근식,1959,253,477,46,111,16,1,1,41,10,4,34,47,1986,0.233,0.284,0.277,0.56
이근엽,1972,408,787,59,150,20,1,5,42,20,14,52,163,1999,0.191,0.241,0.238,0.478
이대수,1981,1190,2860,328,736,131,21,35,299,43,29,224,523,2018,0.257,0.311,0.355,0.666
이대진,1974,24,37,2,3,1,1,0,4,0,0,2,18,2002,0.081,0.128,0.162,0.29
이대형,1983,1603,5083,807,1414,132,38,9,361,505,177,437,848,2019,0.278,0.335,0.324,0.66
이대호,1982,1971,7118,972,2199,331,6,374,1425,11,11,745,1025,2022,0.309,0.374,0.515,0.889
이도형,1975,1155,3154,317,815,142,6,130,519,5,5,243,537,2010,0.258,0.311,0.431,0.742
이동수,1973,674,1813,257,487,82,9,89,328,8,5,224,522,2003,0.269,0.349,0.471,0.82
이동욱,1974,143,272,17,60,9,1,5,26,1,3,21,52,2003,0.221,0.276,0.316,0.593
이동채,1971,58,80,8,12,0,0,0,5,1,1,3,22,1994,0.15,0.181,0.15,0.331
이만수,1958,1449,4310,624,1276,193,7,252,860,52,48,554,490,1997,0.296,0.376,0.519,0.896
이명기,1987,1037,3624,574,1104,166,28,28,327,108,60,324,556,2024,0.305,0.362,0.389,0.751
이명수,1966,1221,3504,383,953,140,21,61,423,28,39,426,502,2001,0.272,0.351,0.376,0.727
이민재,1988,35,44,6,9,1,0,0,4,0,1,1,12,2015,0.205,0.222,0.227,0.449
이민호,1969,556,1369,168,330,63,6,51,167,19,15,130,358,2000,0.241,0.307,0.408,0.714
이범호,1981,2001,6370,954,1727,334,12,329,1127,49,29,863,1158,2019,0.271,0.358,0.482,0.84
이병규,1974,1741,6571,992,2043,371,38,161,972,147,66,526,838,2016,0.311,0.362,0.452,0.814
이병규,1983,835,2232,344,621,117,11,75,366,30,24,398,615,2021,0.278,0.387,0.441,0.829
이병규,1994,31,55,10,11,1,1,0,7,1,0,2,15,2023,0.2,0.228,0.255,0.483
이병훈,1967,516,1317,136,352,41,2,38,169,8,8,87,173,1996,0.267,0.313,0.388,0.701
이보형,1972,80,115,8,18,6,1,2,13,3,1,13,39,1997,0.157,0.242,0.278,0.52
이복근,1962,267,448,37,94,20,2,6,45,2,5,41,124,1991,0.21,0.276,0.304,0.58
이봉우,1977,158,140,18,23,5,1,2,8,7,3,3,30,1998,0.164,0.182,0.257,0.439
이상대,1967,350,832,85,198,33,8,5,64,8,8,62,127,1994,0.238,0.291,0.315,0.606
이상호,1989,775,1101,199,291,34,1,1,80,85,28,46,117,2023,0.264,0.294,0.3,0.594
이상훈,1987,88,142,16,24,1,0,2,4,6,1,12,28,2016,0.169,0.234,0.218,0.452
이석규,1957,72,109,12,18,3,0,2,8,1,0,15,22,1986,0.165,0.266,0.248,0.514
이선웅,1961,879,2633,223,666,102,7,23,282,35,25,233,250,1992,0.253,0.314,0.323,0.637
이성곤,1992,203,483,45,117,28,2,6,47,3,4,61,145,2023,0.242,0.327,0.346,0.673
이성근,1962,19,40,5,9,2,0,0,5,0,0,1,9,1988,0.225,0.244,0.275,0.519
이성득,1953,51,116,6,22,1,0,0,2,2,2,12,8,1982,0.19,0.266,0.198,0.464
이성수,1960,57,85,12,16,3,1,0,8,6,4,7,12,1986,0.188,0.25,0.247,0.497
이성열,1984,1506,4134,588,1047,187,17,190,698,63,40,369,1359,2021,0.253,0.314,0.445,0.759
이성우,1981,620,821,62,182,27,0,7,75,4,0,46,137,2021,0.222,0.263,0.28,0.543
이순철,1961,1388,4775,768,1252,217,30,145,612,371,145,544,689,1998,0.262,0.338,0.411,0.749
이숭용,1971,2001,6139,783,1727,330,22,162,857,62,54,767,865,2011,0.281,0.361,0.421,0.783
이승엽,1976,1906,7132,1355,2156,464,28,467,1498,57,25,953,1344,2017,0.302,0.385,0.572,0.956
이승재,1983,53,45,3,7,2,1,0,5,0,0,1,10,2014,0.156,0.174,0.244,0.418
이승준,1976,131,233,23,53,10,0,11,27,2,0,18,89,2006,0.227,0.283,0.412,0.695
이승희,1959,558,1311,163,338,48,22,17,120,35,26,126,233,1992,0.258,0.323,0.367,0.69
이시온,1975,94,350,46,99,19,1,13,46,7,1,35,99,2004,0.283,0.348,0.454,0.802
이시원,1996,256,345,58,69,3,0,1,13,11,6,13,68,2023,0.2,0.229,0.217,0.446
이시찬,1985,313,448,72,99,12,1,1,36,43,10,31,85,2015,0.221,0.271,0.259,0.53
이양기,1981,326,689,61,180,32,1,6,75,7,0,53,126,2017,0.261,0.314,0.337,0.651
이여상,1984,478,994,103,223,39,4,14,110,35,11,76,265,2016,0.224,0.279,0.314,0.593
이연수,1963,301,654,77,153,17,2,11,63,15,18,66,95,1999,0.234,0.304,0.317,0.621
이영구,1954,277,992,119,268,62,2,13,104,13,14,96,63,1985,0.27,0.335,0.376,0.711
이영수,1981,61,107,10,23,6,0,2,15,0,0,16,15,2010,0.215,0.317,0.327,0.644
이영우,1973,1312,4346,735,1275,272,33,135,533,112,81,562,723,2010,0.293,0.374,0.464,0.839
이영욱,1985,535,955,173,232,40,7,12,104,73,23,104,264,2018,0.243,0.317,0.337,0.654
이용석,1970,64,124,6,27,6,0,1,10,0,2,4,27,1993,0.218,0.242,0.29,0.533
이용주,1976,96,116,14,23,2,0,1,6,0,0,12,21,2002,0.198,0.273,0.241,0.515
이우민,1982,1003,1854,275,432,52,12,15,168,56,39,142,463,2017,0.233,0.288,0.298,0.586
이우석,1975,49,84,13,16,2,0,0,2,3,2,8,17,2000,0.19,0.261,0.214,0.475
이우수,1972,286,575,54,127,22,4,4,44,2,5,23,116,1996,0.221,0.251,0.294,0.545
이원석,1986,1814,5474,650,1429,249,16,144,791,25,26,546,1051,2024,0.261,0.328,0.391,0.719
이원재,1989,277,595,61,157,28,2,17,79,3,4,42,118,2021,0.264,0.312,0.403,0.716
이윤섭,1958,23,31,3,6,2,0,1,5,0,0,2,10,1982,0.194,0.242,0.355,0.597
이은총,1991,11,35,3,6,1,0,0,3,0,0,1,7,2015,0.171,0.194,0.2,0.394
이인구,1980,347,840,114,206,33,7,10,74,27,12,79,169,2013,0.245,0.31,0.337,0.647
이인행,1991,36,50,2,9,1,0,0,2,0,0,4,16,2019,0.18,0.241,0.2,0.441
이일의,1971,74,124,13,30,5,0,1,8,0,1,10,29,2003,0.242,0.299,0.306,0.605
이재성,1962,112,152,23,31,4,2,0,10,4,3,19,42,1991,0.204,0.292,0.257,0.549
이재원,1999,220,509,69,113,19,2,22,78,12,4,46,176,2023,0.222,0.286,0.397,0.683
이재율,1993,165,102,47,20,4,1,0,6,25,5,3,26,2021,0.196,0.219,0.255,0.474
이재주,1973,981,2200,239,554,111,4,82,352,4,13,306,541,2009,0.252,0.343,0.418,0.761
이전진,1972,30,46,2,11,2,0,0,3,1,0,3,16,1996,0.239,0.286,0.283,0.568
이정범,1998,41,99,12,23,4,0,3,14,0,0,9,23,2023,0.232,0.296,0.364,0.66
이정식,1981,359,441,51,90,14,0,10,40,6,1,38,109,2016,0.204,0.267,0.304,0.571
이정은,1962,35,70,6,12,5,1,0,7,0,1,5,14,1986,0.171,0.227,0.271,0.498
이정후,1998,884,3476,581,1181,244,43,65,515,69,23,383,304,2023,0.34,0.405,0.491,0.896
이정훈,1963,918,3072,515,918,153,37,66,353,151,55,312,246,1997,0.299,0.363,0.437,0.801
이정훈,1994,185,409,41,111,22,0,3,52,1,1,47,89,2024,0.271,0.346,0.347,0.694
이종도,1952,481,1284,174,344,69,6,28,176,50,15,154,188,1987,0.268,0.346,0.396,0.743
이종두,1962,1054,3133,498,845,132,20,105,438,127,59,319,499,1997,0.27,0.337,0.425,0.762
이종민,1972,796,1371,167,329,40,7,11,115,41,26,89,179,2002,0.24,0.286,0.303,0.59
이종범,1970,1706,6060,1100,1797,340,29,194,730,510,113,634,622,2011,0.297,0.363,0.458,0.821
이종열,1973,1657,4748,588,1175,158,41,52,448,131,69,429,621,2009,0.247,0.31,0.331,0.641
이종옥,1965,26,42,7,10,1,1,0,0,0,1,2,14,1992,0.238,0.273,0.31,0.582
이종욱,1980,1446,5081,843,1478,225,51,41,543,340,92,523,679,2018,0.291,0.357,0.379,0.737
이종운,1966,738,2132,258,580,72,34,9,213,98,34,108,282,1998,0.272,0.307,0.35,0.658
이종호,1967,575,844,113,190,27,5,8,73,21,15,76,172,1996,0.225,0.289,0.297,0.587
이종환,1986,263,476,47,127,30,1,6,67,1,2,38,129,2017,0.267,0.321,0.372,0.693
이주찬,1998,20,31,7,4,1,0,1,2,0,0,1,14,2024,0.129,0.156,0.258,0.414
이주형,2002,37,81,8,13,0,0,2,11,0,0,11,34,2022,0.16,0.261,0.235,0.495
이준수,1988,130,148,10,28,5,0,0,12,0,0,17,49,2019,0.189,0.273,0.223,0.496
이준용,1974,25,31,5,7,0,0,0,1,1,0,4,8,1998,0.226,0.314,0.226,0.54
이준호,1987,172,317,29,71,14,4,0,25,4,4,32,64,2013,0.224,0.295,0.293,0.589
이중화,1964,716,1678,256,437,61,16,7,147,90,41,132,132,1996,0.26,0.314,0.328,0.643
이지찬,1991,34,39,4,9,2,0,0,4,2,0,2,6,2015,0.231,0.268,0.282,0.55
이지환,1971,126,248,19,48,8,0,5,21,0,2,9,59,1998,0.194,0.222,0.286,0.508
이진석,1995,47,45,7,9,1,1,0,2,0,1,2,20,2016,0.2,0.234,0.267,0.501
이진영,1980,2160,6976,979,2125,367,33,169,979,112,77,745,906,2018,0.305,0.372,0.439,0.811
이찬선,1962,22,56,2,3,0,0,0,3,0,0,1,11,1982,0.054,0.07,0.054,0.124
이창열,1991,41,37,9,7,3,1,0,5,1,0,4,11,2019,0.189,0.268,0.324,0.593
이창원,1963,223,366,53,85,18,4,12,52,7,5,20,70,1993,0.232,0.272,0.402,0.674
이창진,1991,615,1568,245,418,79,6,21,183,29,20,224,316,2024,0.267,0.358,0.365,0.723
이창훈,1981,25,35,6,9,2,0,1,4,0,1,5,11,2004,0.257,0.35,0.4,0.75
이천웅,1988,622,1953,291,564,88,9,18,211,58,39,220,300,2023,0.289,0.361,0.371,0.732
이철성,1957,108,254,22,62,12,1,0,19,3,6,20,16,1986,0.244,0.299,0.299,0.598
이태원,1986,132,148,10,20,4,0,0,8,0,0,10,46,2014,0.135,0.19,0.162,0.352
이태호,1983,81,52,7,7,2,0,0,0,0,1,1,20,2007,0.135,0.151,0.173,0.324
이태훈,1995,25,32,3,6,1,0,0,0,0,0,2,14,2023,0.188,0.235,0.219,0.454
이택근,1980,1651,5361,851,1621,299,12,136,773,175,73,591,726,2020,0.302,0.372,0.439,0.81
이학주,1990,486,1183,154,276,48,6,23,116,29,15,105,337,2024,0.233,0.296,0.342,0.638
이해승,2000,55,103,11,24,4,0,0,5,0,0,1,30,2023,0.233,0.24,0.272,0.512
이해창,1953,577,1873,317,508,88,19,32,182,144,81,225,239,1988,0.271,0.349,0.39,0.739
이해창,1987,428,883,83,198,33,0,28,112,2,12,49,220,2022,0.224,0.265,0.357,0.622
이현곤,1980,1000,2672,289,726,140,6,23,267,39,22,221,388,2014,0.272,0.327,0.354,0.682
이현석,1992,122,212,16,44,7,0,7,29,1,0,9,73,2022,0.208,0.24,0.34,0.579
이현택,1964,210,484,72,118,23,0,13,60,17,9,63,80,1992,0.244,0.331,0.372,0.703
이호성,1967,1090,3563,569,968,160,22,102,526,167,55,498,659,2001,0.272,0.361,0.415,0.776
이호신,1984,188,165,22,24,5,1,0,10,8,4,11,55,2017,0.145,0.199,0.188,0.387
이호연,1995,208,469,51,117,16,2,5,34,7,3,29,93,2024,0.249,0.293,0.324,0.617
이호준,1976,2053,6663,943,1880,346,17,337,1265,59,52,795,1307,2017,0.282,0.359,0.491,0.85
이홍구,1990,408,792,81,170,32,4,37,124,1,1,49,271,2021,0.215,0.26,0.405,0.666
이홍범,1953,299,562,85,140,22,2,6,53,16,11,40,60,1985,0.249,0.299,0.327,0.626
이홍식,1964,77,111,12,22,3,1,0,5,0,1,6,28,1989,0.198,0.239,0.243,0.483
이흥련,1989,455,747,86,174,30,2,15,101,3,1,50,188,2023,0.233,0.281,0.339,0.62
이희근,1985,289,429,44,88,8,2,2,37,5,2,27,101,2014,0.205,0.252,0.247,0.499
이희성,1966,643,1680,198,401,58,19,11,118,82,49,144,250,1997,0.239,0.299,0.315,0.614
임경택,1963,150,228,18,55,7,4,0,27,3,0,24,31,1992,0.241,0.313,0.307,0.621
임성민,1982,47,56,12,13,2,0,1,3,0,0,6,14,2005,0.232,0.306,0.321,0.628
임성우,1968,54,60,4,15,3,0,0,2,1,0,5,14,1993,0.25,0.308,0.3,0.608
임성주,1965,28,45,2,10,2,1,0,6,0,0,4,10,1996,0.222,0.286,0.311,0.597
임수민,1973,790,2013,236,485,105,4,54,258,11,18,186,409,2006,0.241,0.305,0.378,0.683
임수혁,1969,488,1296,148,345,53,8,47,257,7,8,157,234,2000,0.266,0.345,0.428,0.774
임익준,1988,153,181,27,39,2,0,0,9,7,6,11,43,2017,0.215,0.26,0.227,0.487
임재철,1976,1139,2333,358,610,97,18,30,231,69,32,283,450,2015,0.261,0.341,0.357,0.698
임정면,1958,163,291,33,66,8,1,2,15,6,5,25,38,1988,0.227,0.288,0.282,0.57
임주택,1968,854,1408,173,350,65,7,54,204,12,14,119,299,2002,0.249,0.307,0.42,0.727
임채영,1971,83,130,5,21,9,1,1,10,0,2,3,18,1996,0.162,0.18,0.269,0.45
임형석,1968,627,1928,222,476,78,14,48,242,26,26,192,397,1997,0.247,0.315,0.377,0.692
임훈,1985,670,1680,229,452,59,14,7,149,36,25,156,299,2018,0.269,0.331,0.333,0.664
잉글린,1975,78,248,33,70,18,0,6,36,0,1,23,47,2002,0.282,0.343,0.427,0.771
장광호,1967,650,1387,131,297,59,1,25,132,5,17,102,243,2001,0.214,0.268,0.312,0.58
장교성,1977,139,174,16,31,3,3,1,9,2,6,8,45,2006,0.178,0.214,0.247,0.461
장민석,1982,742,2130,324,535,72,22,16,177,126,52,174,396,2017,0.251,0.308,0.328,0.636
장성국,1974,36,33,2,4,2,0,0,2,0,0,2,10,2002,0.121,0.171,0.182,0.353
장성호,1977,2064,7084,1108,2100,394,18,221,1043,99,59,1101,879,2015,0.296,0.391,0.451,0.842
장시윤,1993,34,41,7,10,0,0,0,2,0,1,3,11,2018,0.244,0.295,0.244,0.539
장영균,1976,56,44,7,8,4,0,0,3,0,0,5,20,2003,0.182,0.265,0.273,0.538
장영석,1990,434,1080,127,248,54,1,33,160,1,1,99,291,2020,0.23,0.294,0.373,0.667
장용대,1974,116,176,16,36,6,0,5,21,0,0,10,60,2001,0.205,0.247,0.324,0.571
장운호,1994,338,727,88,173,24,1,5,78,9,13,74,172,2023,0.238,0.308,0.294,0.603
장원진,1969,1500,4734,612,1342,193,25,51,505,58,45,387,560,2007,0.283,0.338,0.367,0.705
장일현,1976,411,854,102,222,37,1,12,90,9,5,69,124,2005,0.26,0.315,0.348,0.663
장재중,1971,596,1207,119,264,34,9,14,104,19,10,86,193,2003,0.219,0.271,0.297,0.567
장정기,1958,150,308,50,69,16,1,4,30,11,3,39,36,1985,0.224,0.311,0.321,0.633
장정석,1973,580,818,105,176,32,2,7,75,19,11,70,181,2003,0.215,0.277,0.285,0.562
장종훈,1968,1952,6292,1043,1771,331,25,340,1145,123,80,866,1355,2005,0.281,0.368,0.504,0.873
장지승,1998,27,64,7,11,1,0,1,5,2,0,7,24,2023,0.172,0.254,0.234,0.488
장진범,1959,144,214,18,49,9,0,0,22,4,4,7,25,1987,0.229,0.253,0.271,0.524
장채근,1964,734,1979,237,452,74,0,97,285,6,7,240,368,1995,0.228,0.312,0.413,0.725
장태수,1957,1004,2532,428,692,110,20,48,291,151,72,331,322,1992,0.273,0.357,0.389,0.747
장호익,1965,38,68,4,10,0,0,0,2,0,0,2,6,1989,0.147,0.171,0.147,0.318
장효조,1956,964,3050,485,1008,156,36,54,437,110,60,506,289,1992,0.33,0.426,0.458,0.884
전근표,1977,406,759,99,187,33,1,29,89,1,4,116,210,2010,0.246,0.346,0.407,0.753
전대영,1962,585,1292,149,351,54,6,52,220,12,5,147,231,1994,0.272,0.346,0.443,0.79
전민수,1989,335,631,74,166,37,1,7,68,9,4,59,142,2022,0.263,0.326,0.358,0.684
전봉석,1968,78,67,2,8,2,0,0,1,0,0,4,28,1997,0.119,0.169,0.149,0.318
전상렬,1972,1197,2630,399,640,99,21,23,221,114,42,198,434,2008,0.243,0.296,0.323,0.62
전성철,1969,93,122,13,17,6,0,0,2,3,1,3,20,1995,0.139,0.16,0.189,0.349
전의산,2000,167,432,50,92,21,1,18,69,0,3,44,139,2024,0.213,0.286,0.391,0.677
전종화,1965,358,521,52,117,19,2,12,60,8,4,41,116,1997,0.225,0.281,0.338,0.619
전준호,1969,2091,6928,1171,2018,214,100,42,577,549,217,861,844,2009,0.291,0.37,0.369,0.739
전현태,1986,236,304,70,55,6,1,8,35,33,13,52,114,2015,0.181,0.301,0.286,0.587
전형도,1971,388,447,101,89,15,2,6,34,32,16,39,89,2001,0.199,0.263,0.282,0.545
정경배,1974,1322,3991,525,1062,203,10,100,522,70,57,314,754,2009,0.266,0.32,0.397,0.717
정경운,1993,68,121,9,26,2,1,1,9,2,0,9,31,2018,0.215,0.269,0.273,0.542
정경훈,1972,704,1476,270,360,53,10,10,135,182,52,170,248,1999,0.244,0.322,0.314,0.636
정구선,1956,769,2574,308,644,92,5,84,316,18,20,365,284,1990,0.25,0.343,0.388,0.731
정구왕,1954,294,712,69,166,11,4,4,49,34,24,41,87,1986,0.233,0.275,0.277,0.552
정국헌,1964,48,61,6,10,2,0,1,4,3,0,2,19,1990,0.164,0.19,0.246,0.436
정근우,1982,1747,6219,1072,1877,319,34,121,722,371,133,665,731,2020,0.302,0.369,0.422,0.792
정기창,1970,177,370,41,87,7,4,13,44,11,8,27,96,1998,0.235,0.287,0.381,0.668
정기훈,1995,29,31,9,5,2,0,0,2,0,1,3,15,2020,0.161,0.235,0.226,0.461
정대선,2004,22,42,5,6,1,0,0,6,0,0,2,10,2024,0.143,0.182,0.167,0.348
정문섭,1960,76,136,13,25,3,0,4,13,0,2,16,36,1985,0.184,0.27,0.294,0.564
정문언,1962,192,552,59,158,42,3,13,57,2,11,60,96,1992,0.286,0.356,0.444,0.8
정민규,2003,15,39,4,5,1,0,0,0,0,0,1,17,2022,0.128,0.15,0.154,0.304
정범모,1987,485,943,85,196,47,0,19,96,13,10,80,262,2022,0.208,0.27,0.318,0.588
정병곤,1988,165,197,36,39,2,1,2,20,1,0,9,52,2019,0.198,0.233,0.249,0.482
정보명,1980,439,1189,112,322,66,6,9,137,11,14,94,236,2013,0.271,0.324,0.359,0.683
정삼룡,1965,71,138,13,25,3,0,5,13,0,1,12,25,1992,0.181,0.247,0.312,0.558
정상진,1964,165,323,22,73,13,1,1,29,6,2,17,37,1992,0.226,0.265,0.282,0.546
정상호,1982,1154,2453,285,600,126,3,73,346,3,14,184,697,2021,0.245,0.297,0.388,0.685
정성룡,1964,533,1015,117,231,46,1,27,125,9,5,158,206,1995,0.228,0.332,0.355,0.686
정성훈,1980,2223,7359,1040,2159,396,23,174,997,130,64,813,1054,2018,0.293,0.364,0.424,0.788
정수근,1977,1544,5329,866,1493,230,50,24,450,474,156,621,608,2009,0.28,0.355,0.356,0.711
정수성,1978,722,1071,212,258,34,10,7,58,127,40,73,237,2013,0.241,0.289,0.311,0.6
정영규,1970,655,1719,214,440,84,15,45,180,12,29,173,362,2001,0.256,0.324,0.401,0.725
정영기,1956,743,1963,172,472,57,10,8,162,25,21,144,211,1990,0.24,0.292,0.292,0.584
정영진,1965,189,345,30,72,20,2,0,16,3,3,47,86,1993,0.209,0.304,0.278,0.582
정원배,1973,46,73,7,17,3,0,1,7,1,0,3,17,2000,0.233,0.263,0.315,0.578
정원석,1977,542,971,138,250,36,7,16,104,38,25,95,233,2012,0.257,0.324,0.358,0.682
정은원,2000,747,2474,356,637,98,19,32,230,57,29,376,495,2024,0.257,0.355,0.351,0.707
정의윤,1986,1369,4060,457,1127,185,13,119,563,29,21,268,641,2021,0.278,0.322,0.417,0.74
정인교,1957,48,58,3,8,1,0,0,4,0,0,4,10,1987,0.138,0.194,0.155,0.349
정재호,1967,29,55,6,14,6,0,0,4,0,1,3,11,1990,0.255,0.293,0.364,0.657
정종현,1959,151,271,32,60,8,2,11,31,1,4,20,34,1987,0.221,0.275,0.387,0.662
정주현,1990,762,1653,260,392,68,12,18,153,68,35,170,383,2023,0.237,0.308,0.325,0.634
정준영,2004,77,110,15,28,4,0,0,9,0,0,11,27,2024,0.255,0.322,0.291,0.613
정진기,1992,400,803,119,183,25,4,23,94,29,7,42,200,2022,0.228,0.266,0.355,0.621
정진식,1971,93,106,13,25,5,0,1,5,1,1,6,26,2001,0.236,0.277,0.311,0.588
정진호,1956,452,1035,110,261,43,4,6,89,25,25,103,142,1990,0.252,0.32,0.319,0.639
정진호,1988,635,1278,215,334,54,8,14,134,45,20,121,216,2021,0.261,0.325,0.349,0.674
정학수,1956,356,1052,137,283,52,6,6,92,28,20,141,92,1989,0.269,0.355,0.347,0.702
정학원,1968,68,146,8,32,3,2,0,20,2,1,10,32,1995,0.219,0.269,0.267,0.536
정혁진,1960,97,217,19,52,8,1,3,25,3,2,7,29,1983,0.24,0.263,0.327,0.591
정현,1994,386,758,95,186,37,4,11,66,8,6,61,179,2021,0.245,0.302,0.348,0.65
정현발,1953,476,1202,158,313,59,4,46,187,15,19,161,204,1988,0.26,0.348,0.431,0.779
정현석,1984,378,858,110,225,36,1,12,71,8,10,78,152,2017,0.262,0.324,0.348,0.672
정현택,1980,55,86,11,22,1,1,2,8,1,0,8,19,2001,0.256,0.319,0.36,0.68
정형식,1991,350,734,114,176,36,8,9,73,37,19,86,147,2014,0.24,0.32,0.347,0.667
정호진,1974,80,137,14,28,5,0,0,8,1,0,9,15,1998,0.204,0.253,0.241,0.494
정회열,1968,621,1501,146,369,58,4,36,200,7,15,99,216,1999,0.246,0.292,0.362,0.654
정희상,1982,74,132,15,27,5,1,2,9,4,0,12,41,2010,0.205,0.271,0.303,0.574
제러드,1995,38,144,29,47,16,1,10,39,4,0,21,35,2024,0.326,0.412,0.66,1.072
조경택,1970,770,1295,123,299,59,3,15,112,7,12,135,286,2003,0.231,0.303,0.316,0.619
조경환,1972,897,2622,350,683,141,10,131,444,12,19,274,781,2007,0.26,0.33,0.472,0.802
조규철,1969,249,222,41,45,6,3,1,20,18,6,13,70,1999,0.203,0.247,0.27,0.517
조남기,1974,25,37,5,10,2,0,0,5,0,0,3,6,1999,0.27,0.325,0.324,0.649
조동찬,1983,1171,3360,470,867,156,6,92,426,150,29,311,784,2018,0.258,0.321,0.39,0.711
조동화,1981,1189,2940,449,736,73,30,9,232,191,50,297,583,2016,0.25,0.319,0.305,0.624
조민성,2003,27,42,4,10,2,0,1,8,1,1,2,13,2023,0.238,0.273,0.357,0.63
조범현,1960,620,1091,103,219,38,5,12,107,15,15,64,179,1992,0.201,0.245,0.278,0.523
조상헌,1964,30,52,8,11,2,0,0,2,2,2,1,10,1989,0.212,0.226,0.25,0.476
조성옥,1961,920,2148,227,532,78,17,5,210,38,43,229,218,1995,0.248,0.32,0.307,0.627
조성우,1988,57,100,18,20,0,0,4,11,6,1,10,23,2014,0.2,0.273,0.32,0.593
조성환,1976,1032,3077,459,874,167,7,44,329,116,33,259,492,2014,0.284,0.34,0.386,0.725
조셉,1991,55,197,17,54,3,0,9,36,0,1,14,46,2019,0.274,0.322,0.426,0.749
조쉬벨,1986,63,240,33,64,8,1,10,39,3,0,30,56,2014,0.267,0.348,0.433,0.781
조승현,1978,70,103,7,20,2,0,4,11,1,0,4,34,2005,0.194,0.224,0.33,0.554
조양근,1964,534,1189,143,276,35,8,6,92,51,25,96,163,1994,0.232,0.289,0.29,0.58
조영훈,1982,855,1786,219,459,94,6,47,258,35,17,189,442,2017,0.257,0.328,0.395,0.723
조용호,1965,361,843,132,246,30,6,6,60,24,31,94,149,1993,0.292,0.363,0.363,0.726
조용호,1989,696,2013,286,553,67,9,3,173,52,24,269,364,2024,0.275,0.36,0.321,0.682
조원우,1971,1368,4220,586,1190,164,25,68,443,123,53,335,538,2008,0.282,0.335,0.381,0.716
조유신,1975,74,111,13,22,4,1,1,6,1,0,11,32,2000,0.198,0.27,0.279,0.55
조윤준,1989,81,130,10,26,1,1,0,17,0,0,3,32,2017,0.2,0.218,0.223,0.441
조윤채,1977,94,113,38,28,4,0,1,3,5,4,16,30,2004,0.248,0.341,0.31,0.651
조인성,1975,1948,5351,576,1348,248,10,186,801,13,16,359,1055,2017,0.252,0.299,0.406,0.705
조인신,1980,49,41,6,6,2,0,0,2,1,0,2,9,2005,0.146,0.186,0.195,0.381
조재호,1980,382,509,56,111,20,3,5,53,6,8,54,104,2012,0.218,0.293,0.299,0.592
조재환,1964,218,505,47,120,12,0,1,15,4,5,53,48,1990,0.238,0.31,0.267,0.577
조정권,1976,127,132,14,26,2,0,1,9,1,0,9,23,2003,0.197,0.248,0.235,0.483
조정원,1990,65,104,7,16,1,1,0,8,4,1,8,24,2015,0.154,0.214,0.183,0.397
조종규,1955,53,48,2,3,0,0,1,1,1,0,5,16,1984,0.062,0.151,0.125,0.276
조중근,1982,421,727,69,167,23,3,15,85,10,5,45,188,2015,0.23,0.275,0.331,0.606
조충열,1959,569,1163,104,251,35,4,3,66,15,11,71,118,1990,0.216,0.261,0.261,0.521
조평호,1985,118,184,25,41,11,0,4,16,1,1,17,56,2017,0.223,0.289,0.348,0.636
조필현,1971,111,178,21,31,5,3,0,11,10,7,21,56,1994,0.174,0.261,0.236,0.497
조한민,2000,77,177,22,36,10,2,5,20,3,2,13,79,2021,0.203,0.258,0.367,0.625
조현,1976,243,543,67,126,18,4,14,65,5,3,47,134,2002,0.232,0.293,0.357,0.65
조현수,1979,222,462,47,116,24,0,6,46,2,3,30,104,2005,0.251,0.297,0.342,0.639
조호,1957,77,66,11,15,2,0,0,4,4,2,6,16,1985,0.227,0.292,0.258,0.549
조홍석,1990,116,191,27,37,9,2,0,10,3,5,18,53,2019,0.194,0.263,0.262,0.525
조홍준,1977,27,35,3,4,1,0,1,3,0,0,2,18,2000,0.114,0.162,0.229,0.391
조효상,1974,198,204,30,41,16,2,1,17,3,2,10,74,2005,0.201,0.238,0.314,0.552
조흥운,1954,291,774,100,187,33,8,5,71,71,29,59,106,1986,0.242,0.295,0.324,0.62
존갈,1978,43,107,10,26,6,0,0,10,0,2,15,12,2006,0.243,0.336,0.299,0.635
주경업,1968,58,110,9,22,3,0,0,8,1,0,9,16,1993,0.2,0.261,0.227,0.488
주성원,2000,52,124,14,26,3,1,1,7,0,0,7,36,2024,0.21,0.252,0.274,0.526
주현상,1992,122,222,18,47,7,0,0,12,2,0,21,47,2024,0.212,0.28,0.243,0.523
주효상,1997,256,391,33,75,15,1,2,37,1,2,36,139,2023,0.192,0.26,0.251,0.511
지석훈,1984,1207,2538,283,569,121,10,47,285,12,14,210,633,2021,0.224,0.283,0.335,0.619
지승준,1977,60,54,8,13,0,0,0,4,1,0,4,8,1999,0.241,0.293,0.241,0.534
지시완,1994,324,679,69,166,30,0,19,85,1,0,54,199,2023,0.244,0.3,0.373,0.673
지재옥,1988,54,73,6,9,1,0,2,4,1,0,15,22,2016,0.123,0.273,0.219,0.492
지화동,1967,404,806,104,167,32,2,3,68,36,21,57,132,1994,0.207,0.26,0.263,0.523
지화선,1970,229,546,57,145,29,4,2,42,12,9,41,71,1997,0.266,0.317,0.344,0.661
진갑용,1974,1823,5242,567,1445,234,8,154,753,13,15,473,720,2015,0.276,0.336,0.411,0.747
진상봉,1965,399,813,117,199,30,4,27,105,12,12,129,159,1997,0.245,0.348,0.391,0.739
차동열,1956,433,960,84,207,25,3,9,84,12,7,80,153,1991,0.216,0.276,0.276,0.552
차상욱,1972,87,89,9,15,1,1,0,5,7,3,10,20,1996,0.169,0.253,0.202,0.455
차영화,1957,532,1236,136,290,33,4,2,75,80,41,90,100,1989,0.235,0.287,0.273,0.559
차일목,1981,900,1942,221,454,66,2,25,233,14,17,267,372,2017,0.234,0.326,0.308,0.635
차화준,1986,220,324,46,73,12,3,1,16,9,5,22,81,2013,0.225,0.275,0.29,0.565
채상병,1979,411,942,92,200,35,6,18,100,3,3,44,190,2012,0.212,0.247,0.32,0.567
채종국,1975,659,1343,169,318,54,1,22,128,8,16,88,213,2008,0.237,0.284,0.328,0.611
채종범,1977,681,2108,279,553,94,10,50,246,25,33,191,305,2010,0.262,0.324,0.388,0.711
채태인,1982,1241,3905,481,1162,213,9,127,678,8,9,416,974,2020,0.298,0.365,0.454,0.819
천보성,1953,174,444,56,106,22,1,8,55,10,5,47,41,1984,0.239,0.312,0.347,0.658
초이스,1989,142,525,92,144,27,1,34,103,2,1,50,128,2018,0.274,0.337,0.524,0.861
최경모,1996,193,144,36,32,3,0,0,6,10,3,9,32,2024,0.222,0.268,0.243,0.511
최경철,1980,560,925,95,195,32,3,10,89,8,5,68,252,2017,0.211,0.265,0.284,0.549
최경환,1972,810,2075,266,549,95,12,32,222,59,25,164,333,2009,0.265,0.318,0.368,0.687
최계영,1963,594,1391,187,351,54,15,7,117,57,34,175,118,1993,0.252,0.336,0.328,0.664
최규하,1970,40,35,5,5,1,0,0,1,1,1,2,11,1996,0.143,0.189,0.171,0.361
최기문,1973,1075,2595,307,681,124,17,35,270,46,30,216,322,2009,0.262,0.319,0.364,0.683
최길성,1978,170,388,33,88,20,2,7,44,5,0,45,99,2007,0.227,0.307,0.343,0.65
최달호,1969,27,52,1,10,3,0,1,3,1,1,4,15,1992,0.192,0.25,0.308,0.558
최동수,1971,1293,3332,340,894,160,4,90,502,9,13,297,547,2013,0.268,0.328,0.4,0.728
최동창,1965,372,780,88,194,36,4,19,95,4,5,123,178,1994,0.249,0.351,0.378,0.729
최만호,1974,669,973,140,217,41,6,18,96,30,19,67,268,2009,0.223,0.273,0.333,0.606
최무영,1962,66,98,11,17,3,0,2,7,2,2,9,18,1989,0.173,0.243,0.265,0.508
최민창,1996,27,39,4,9,0,0,0,2,0,1,3,9,2024,0.231,0.286,0.231,0.516
최보성,1998,22,31,2,8,0,0,0,1,0,1,2,7,2023,0.258,0.303,0.258,0.561
최선호,1991,110,74,20,11,2,0,0,4,4,2,3,24,2019,0.149,0.182,0.176,0.357
최순하,1955,38,82,5,17,0,0,0,5,0,0,10,8,1982,0.207,0.293,0.207,0.501
최승준,1988,182,459,54,110,15,0,31,82,0,0,49,163,2020,0.24,0.313,0.475,0.788
최승환,1978,318,559,52,122,22,0,13,64,1,0,51,122,2013,0.218,0.284,0.327,0.611
최영술,1972,37,38,6,5,0,0,0,3,5,3,5,6,1994,0.132,0.233,0.132,0.364
최영조,1963,25,32,1,5,0,0,0,1,1,0,5,11,1982,0.156,0.27,0.156,0.427
최영진,1988,370,730,85,186,34,5,14,77,12,10,54,146,2022,0.255,0.306,0.373,0.679
최영환,1959,135,255,22,50,7,3,4,25,0,2,18,47,1989,0.196,0.249,0.294,0.543
최용규,1985,162,293,39,62,5,3,3,24,18,13,21,80,2015,0.212,0.264,0.28,0.544
최용제,1991,112,157,16,44,3,1,0,25,0,0,16,31,2022,0.28,0.347,0.312,0.659
최윤석,1987,324,529,70,109,11,1,2,33,17,12,92,129,2019,0.206,0.324,0.242,0.566
최익성,1972,621,1686,309,450,83,6,60,216,85,23,200,304,2005,0.267,0.345,0.43,0.775
최재룡,1964,29,38,5,11,3,0,1,6,0,2,0,5,1991,0.289,0.289,0.447,0.737
최재원,1990,271,360,76,87,17,1,7,44,22,10,46,103,2020,0.242,0.328,0.353,0.68
최정기,1956,29,32,4,9,3,0,1,8,0,1,2,8,1983,0.281,0.324,0.469,0.792
최정민,1989,230,290,67,85,7,1,2,23,12,10,21,85,2021,0.293,0.341,0.345,0.686
최정우,1955,108,141,21,24,2,1,0,7,6,2,13,29,1984,0.17,0.24,0.199,0.439
최준석,1983,1564,4613,543,1270,177,5,201,881,10,8,677,1079,2018,0.275,0.368,0.447,0.815
최준호,1966,30,61,3,11,2,0,0,3,2,0,5,11,1993,0.18,0.242,0.213,0.456
최진행,1985,1104,3356,428,886,169,1,152,551,17,20,416,952,2020,0.264,0.345,0.451,0.796
최철민,1972,48,102,19,28,5,1,1,13,0,1,5,25,1997,0.275,0.308,0.373,0.681
최태원,1970,1284,4231,565,1133,176,14,24,344,130,72,398,468,2003,0.268,0.331,0.333,0.664
최해명,1964,240,542,58,141,32,2,3,55,8,5,57,61,1993,0.26,0.331,0.343,0.674
최해식,1968,681,1729,154,375,61,2,17,165,3,17,145,301,2000,0.217,0.277,0.284,0.561
최현종,1985,18,32,2,4,1,0,0,1,0,1,4,9,2008,0.125,0.222,0.156,0.378
최형현,1972,47,42,2,7,0,0,0,3,1,2,3,7,1997,0.167,0.222,0.167,0.389
최홍석,1960,312,611,42,146,22,0,8,62,2,0,40,97,1991,0.239,0.286,0.314,0.6
최훈락,1982,141,172,25,35,6,0,2,13,4,4,7,56,2013,0.203,0.235,0.273,0.508
최훈재,1967,1056,2606,327,677,148,19,62,368,23,22,285,329,2001,0.26,0.333,0.403,0.735
최희섭,1979,634,2131,327,598,115,4,100,393,16,14,365,515,2015,0.281,0.386,0.479,0.865
최희창,1975,36,47,2,8,1,0,1,3,0,0,4,19,1998,0.17,0.235,0.255,0.491
추성건,1970,392,594,96,147,18,4,17,74,22,6,89,165,2001,0.247,0.346,0.377,0.723
추승우,1979,503,1151,160,278,37,8,5,91,60,17,114,252,2014,0.242,0.31,0.301,0.61
추신수,1982,439,1505,266,396,70,5,54,205,51,19,276,370,2024,0.263,0.377,0.424,0.801
치멜리스,1967,118,409,48,114,22,0,17,63,1,3,29,58,1998,0.279,0.326,0.457,0.784
카날리,1965,17,38,2,7,0,0,1,3,0,0,2,4,1999,0.184,0.225,0.263,0.488
카펜터,1968,39,142,23,40,7,0,5,32,5,2,13,32,2000,0.282,0.342,0.437,0.779
칸투,1982,111,376,56,116,25,1,18,72,1,0,34,85,2014,0.309,0.366,0.524,0.89
캐세레스,1964,175,576,61,144,21,3,5,53,20,9,34,66,1999,0.25,0.292,0.323,0.615
쿡슨,1969,43,151,20,33,2,1,8,25,2,1,19,44,2003,0.219,0.306,0.404,0.71
쿨바,1966,115,410,68,130,27,1,26,97,2,3,51,102,1998,0.317,0.393,0.578,0.971
쿨바,1972,44,149,15,32,6,0,10,24,0,0,12,46,2003,0.215,0.273,0.456,0.73
퀸란,1968,269,922,140,215,36,3,65,157,2,5,88,343,2002,0.233,0.3,0.49,0.79
크레익,1994,61,222,25,55,12,0,6,30,0,1,20,43,2021,0.248,0.31,0.383,0.693
크론,1993,67,243,21,54,13,1,11,35,0,0,9,68,2022,0.222,0.25,0.42,0.67
크루즈,1973,164,574,89,178,38,0,24,106,2,0,89,98,2008,0.31,0.403,0.502,0.904
클락,1976,342,1305,239,349,65,9,58,219,60,20,171,235,2010,0.267,0.352,0.464,0.817
클리어,1973,203,686,101,199,37,4,22,86,25,9,69,145,2006,0.29,0.355,0.452,0.807
타바레스,1971,120,482,63,144,21,3,4,58,41,15,37,58,2001,0.299,0.349,0.38,0.728
터커,1990,364,1367,192,388,97,1,50,222,0,2,175,177,2021,0.284,0.365,0.466,0.831
터크먼,1990,144,575,88,166,37,4,12,43,19,11,64,104,2022,0.289,0.36,0.43,0.79
테이텀,1967,20,72,12,21,4,1,4,10,0,0,10,12,2000,0.292,0.378,0.542,0.92
테임즈,1986,390,1351,343,472,102,14,124,382,64,14,235,293,2016,0.349,0.446,0.721,1.167
파레디스,1988,21,65,7,9,2,1,1,4,1,0,4,17,2018,0.138,0.188,0.246,0.435
팔카,1991,51,196,17,41,7,0,8,23,2,0,18,58,2020,0.209,0.276,0.367,0.643
페게로,1987,52,199,24,57,10,0,9,44,2,1,12,63,2019,0.286,0.327,0.472,0.799
페라자,1998,122,455,75,125,24,0,24,70,7,5,63,129,2024,0.275,0.363,0.486,0.849
페레즈,1969,222,860,113,263,39,0,35,144,10,10,44,100,2007,0.306,0.34,0.473,0.813
페레즈,1991,59,224,26,60,15,1,5,33,4,5,17,52,2021,0.268,0.32,0.411,0.73
페르난데스,1974,132,499,81,140,24,0,45,107,4,4,49,114,2002,0.281,0.345,0.599,0.944
페르난데스,1988,568,2206,316,723,115,0,57,351,1,5,219,176,2022,0.328,0.388,0.457,0.846
페타지니,1971,183,604,91,204,33,1,33,135,3,0,137,96,2009,0.338,0.46,0.56,1.02
펠로우,1973,109,398,56,113,15,1,23,69,3,4,30,84,2005,0.284,0.334,0.5,0.834
펠릭스,1967,130,459,69,121,24,1,19,79,1,1,52,123,1999,0.264,0.339,0.444,0.783
펨버튼,1969,75,271,28,69,13,1,11,48,2,1,23,56,2002,0.255,0.313,0.432,0.745
포조,1973,39,122,11,26,3,0,1,8,1,0,6,17,2000,0.213,0.25,0.262,0.512
폭스,1982,38,108,16,30,4,0,7,25,0,0,8,27,2015,0.278,0.328,0.509,0.837
폴,1969,113,397,48,111,18,2,18,64,3,2,35,115,2002,0.28,0.338,0.471,0.809
풀리엄,1967,91,288,46,77,13,1,16,55,2,2,27,55,2000,0.267,0.33,0.486,0.816
프랑코,1961,132,477,79,156,19,1,22,110,12,5,63,86,2000,0.327,0.406,0.509,0.915
프랭클린,1972,87,288,54,72,13,1,24,58,10,4,59,109,2003,0.25,0.378,0.552,0.93
프레이타스,1989,43,139,13,36,10,0,2,14,0,0,7,29,2021,0.259,0.295,0.374,0.669
피렐라,1989,420,1671,270,509,86,7,73,286,30,15,154,239,2023,0.305,0.363,0.496,0.859
피어슨,1974,129,502,67,145,12,0,31,108,0,1,47,85,1999,0.289,0.35,0.498,0.848
피에,1985,119,445,61,145,33,2,17,92,9,11,41,60,2014,0.326,0.383,0.524,0.906
피커링,1976,60,212,23,59,11,0,9,34,2,0,31,62,2006,0.278,0.37,0.458,0.828
피터스,1995,85,316,32,72,16,0,13,48,7,4,26,77,2022,0.228,0.287,0.402,0.688
필,1984,367,1397,216,442,99,2,61,253,34,14,98,209,2016,0.316,0.361,0.521,0.882
필립스,1970,66,230,37,60,10,0,15,46,1,0,25,62,2001,0.261,0.333,0.5,0.833
하득인,1966,326,679,59,161,35,2,11,95,8,5,60,88,1997,0.237,0.299,0.343,0.642
하준호,1989,326,726,111,169,32,1,14,72,32,13,70,236,2023,0.233,0.3,0.337,0.638
하춘동,1977,60,80,15,15,1,1,0,7,0,2,4,26,2002,0.188,0.226,0.225,0.451
한규식,1976,335,562,73,124,17,2,3,39,2,2,51,128,2007,0.221,0.285,0.274,0.56
한기철,1969,249,188,47,49,10,2,3,20,20,17,14,46,1997,0.261,0.312,0.383,0.695
한나한,1980,32,107,17,35,9,0,4,22,0,0,12,31,2015,0.327,0.395,0.523,0.918
한대화,1960,1335,4264,610,1190,199,21,163,712,79,53,608,567,1997,0.279,0.369,0.45,0.819
한동희,1999,661,2093,226,548,108,1,59,270,2,8,208,438,2024,0.262,0.329,0.399,0.728
한문연,1961,664,1490,119,381,68,4,14,165,8,11,144,123,1992,0.256,0.321,0.335,0.656
한상훈,1980,1043,2539,303,606,100,14,12,216,52,37,296,489,2015,0.239,0.318,0.303,0.621
한성구,1988,17,30,1,11,4,0,0,4,0,0,2,7,2012,0.367,0.406,0.5,0.906
한영준,1962,1009,2838,385,717,126,17,48,314,93,62,400,345,1996,0.253,0.345,0.36,0.705
한윤섭,1985,81,50,14,6,1,1,0,4,6,1,4,9,2012,0.12,0.185,0.18,0.365
한혁수,1970,136,209,16,38,7,0,2,7,0,3,18,39,1995,0.182,0.247,0.244,0.491
함석원,1975,62,64,6,11,3,0,0,5,2,2,2,23,1998,0.172,0.197,0.219,0.416
함학수,1955,483,1330,186,344,59,7,32,185,44,17,83,153,1987,0.259,0.302,0.386,0.688
해즐베이커,1987,11,41,5,6,2,0,2,5,1,1,4,18,2019,0.146,0.222,0.341,0.564
해처,1969,25,68,6,11,1,0,1,5,0,0,2,22,2002,0.162,0.186,0.221,0.406
허관회,1999,54,95,8,18,2,0,0,3,1,0,14,32,2023,0.189,0.294,0.211,0.504
허규옥,1956,842,2506,375,705,97,37,21,225,158,69,221,358,1992,0.281,0.34,0.375,0.714
허도환,1984,885,1515,134,316,75,2,13,142,2,6,126,444,2024,0.209,0.269,0.286,0.556
허문회,1972,523,1018,87,274,37,2,20,129,9,11,76,140,2003,0.269,0.32,0.368,0.688
허승민,1986,120,93,14,14,3,1,0,3,10,4,6,25,2010,0.151,0.202,0.204,0.406
허운,1959,77,192,17,44,4,0,2,12,0,0,7,28,1984,0.229,0.256,0.281,0.538
허웅,1983,50,73,7,18,3,0,0,7,1,0,4,16,2015,0.247,0.286,0.288,0.573
허유신,1973,38,59,3,10,2,0,0,6,2,1,3,14,1998,0.169,0.21,0.203,0.413
허일,1992,142,251,20,58,8,0,2,23,2,1,21,62,2020,0.231,0.29,0.287,0.577
허일상,1979,129,193,16,43,10,1,2,13,0,1,12,31,2009,0.223,0.268,0.316,0.584
허정협,1990,302,702,93,172,24,0,19,95,1,2,81,192,2021,0.245,0.323,0.36,0.684
허준,1970,1001,2151,213,474,71,6,19,188,23,25,144,269,2004,0.22,0.269,0.285,0.555
허준,1981,263,308,22,63,11,1,4,33,0,2,21,100,2014,0.205,0.255,0.286,0.541
헤어,1967,29,68,3,14,3,0,0,3,0,0,4,25,1998,0.206,0.25,0.25,0.5
현남수,1965,112,143,19,30,4,1,0,7,4,4,9,21,1991,0.21,0.257,0.252,0.508
현재윤,1979,461,912,96,211,42,3,11,87,10,11,67,115,2014,0.231,0.284,0.32,0.604
호세,1965,394,1330,247,411,74,5,95,314,22,9,304,286,2007,0.309,0.438,0.586,1.024
호잉,1989,368,1388,203,383,88,5,63,249,55,21,124,269,2021,0.276,0.335,0.483,0.818
혼즈,1970,23,82,8,26,6,1,1,10,0,0,7,14,2000,0.317,0.371,0.451,0.822
홀,1969,116,414,73,101,12,3,4,23,47,11,34,68,1999,0.244,0.301,0.316,0.618
홍명찬,1987,35,42,3,8,1,0,0,2,0,0,2,12,2015,0.19,0.227,0.214,0.442
홍문종,1954,694,2434,338,672,121,23,43,258,161,84,281,225,1990,0.276,0.351,0.398,0.749
홍성갑,1992,66,88,5,19,0,1,0,10,1,0,3,31,2018,0.216,0.242,0.239,0.48
홍성호,1997,48,80,9,21,6,0,0,6,1,1,4,28,2024,0.262,0.298,0.338,0.635
홍성흔,1977,1957,6789,872,2046,323,12,208,1120,85,49,645,1018,2016,0.301,0.362,0.444,0.806
홍세완,1978,817,2853,366,774,134,4,90,431,41,32,288,396,2010,0.271,0.338,0.416,0.754
홍순기,1967,19,36,1,4,1,0,0,3,0,2,6,11,1994,0.111,0.238,0.139,0.377
홍승규,1960,502,1199,173,303,46,5,18,98,39,36,115,167,1990,0.253,0.318,0.344,0.663
홍신차,1959,111,184,14,52,7,0,4,28,1,2,16,19,1985,0.283,0.34,0.386,0.726
홍원기,1973,1043,2308,261,566,98,6,48,284,11,12,248,468,2007,0.245,0.318,0.355,0.674
홍재호,1987,285,398,59,79,15,0,5,35,3,2,41,80,2019,0.198,0.273,0.274,0.547
홍현우,1972,1483,4886,765,1344,267,19,188,762,164,68,752,863,2005,0.275,0.372,0.453,0.825
화이트,1969,74,294,33,89,17,1,11,53,4,3,25,60,2000,0.303,0.357,0.48,0.837
황대연,1967,552,1321,161,299,58,4,41,177,12,10,125,285,1996,0.226,0.293,0.369,0.663
황대인,1996,379,1131,108,280,52,1,39,191,0,0,94,263,2024,0.248,0.305,0.399,0.704
황동채,1983,368,525,88,118,14,2,0,29,11,6,56,135,2015,0.225,0.299,0.259,0.559
황목치승,1985,154,185,45,46,6,2,0,18,8,4,4,34,2017,0.249,0.265,0.303,0.567
황병일,1960,372,676,67,149,26,5,9,64,16,16,64,124,1990,0.22,0.288,0.314,0.601
황선일,1987,72,119,9,21,6,1,0,11,1,0,9,30,2015,0.176,0.234,0.244,0.478
황성관,1974,213,373,57,101,15,2,0,27,18,8,29,57,2001,0.271,0.323,0.322,0.645
황성기,1977,69,79,7,16,1,0,2,7,0,0,2,21,2002,0.203,0.222,0.291,0.513
황우구,1976,377,726,70,173,38,4,7,74,6,6,75,131,2004,0.238,0.31,0.331,0.64
황윤성,1974,258,451,46,102,22,4,11,53,5,5,45,107,2005,0.226,0.296,0.366,0.662
황윤태,1963,57,44,11,4,1,0,0,2,1,1,4,8,1989,0.091,0.167,0.114,0.28
황윤호,1993,249,299,44,69,9,3,1,20,7,4,11,41,2021,0.231,0.258,0.291,0.549
황일권,1969,139,254,19,48,8,0,3,16,4,1,19,72,1997,0.189,0.245,0.256,0.501
황정립,1989,39,92,12,18,2,0,2,13,0,0,20,28,2013,0.196,0.339,0.283,0.622
황진수,1989,132,179,29,40,8,2,2,17,7,1,14,60,2019,0.223,0.28,0.324,0.604
히메네스,1982,80,260,42,82,15,0,14,61,0,2,41,57,2014,0.315,0.409,0.535,0.943
히메네스,1988,256,983,167,298,59,3,44,178,29,16,64,134,2017,0.303,0.346,0.504,0.849
힐리,1992,67,249,27,64,11,1,7,37,2,1,16,58,2021,0.257,0.302,0.394,0.695
